year,party,votes,share,officialSeats,sourceId
1994,PAC,243478,1.2464638949971991,5,iec-1994-results
1994,SOCCER,10575,0.054137768872733395,0,iec-1994-results
1994,KISS,5916,0.030286434104122056,0,iec-1994-results
1994,VV-FF,424555,2.1734714386537424,9,iec-1994-results
1994,WRPP,6434,0.03293828888200158,0,iec-1994-results
1994,WLP,4169,0.02134282349223882,0,iec-1994-results
1994,XPP,6320,0.032354676054437356,0,iec-1994-results
1994,AMP,34466,0.17644561153358193,0,iec-1994-results
1994,ACDP,88104,0.4510405663133147,2,iec-1994-results
1994,ADM,9886,0.050610494853507555,0,iec-1994-results
1994,AMCP,27690,0.14175648416888773,0,iec-1994-results
1994,ANC,12237655,62.64958278338063,252,iec-1994-results
1994,DP,338426,1.7325417086074393,7,iec-1994-results
1994,DPSA,19451,0.0995776588504527,0,iec-1994-results
1994,FP,17663,0.09042415239707706,0,iec-1994-results
1994,LUSAP,3293,0.016858219659376932,0,iec-1994-results
1994,MF,13433,0.06876904484798371,0,iec-1994-results
1994,NP,3983690,20.39414548280088,82,iec-1994-results
1994,IFP,2058294,10.537252467530394,43,iec-1994-results
1999,ABOLITION OF INCOME TAX AND USURY PARTY,10611,0.06641363017240505,0,iec-1999-national
1999,AFRICAN CHRISTIAN DEMOCRATIC PARTY,228975,1.4331411713058568,6,iec-1999-national
1999,AFRICAN NATIONAL CONGRESS,10601330,66.35310620635406,266,iec-1999-national
1999,AFRIKANER EENHEIDSBEWEGING,46292,0.2897389282764089,1,iec-1999-national
1999,AZANIAN PEOPLE'S ORGANISATION,27257,0.17059997338697996,1,iec-1999-national
1999,DEMOCRATIC PARTY,1527337,9.559513209559006,38,iec-1999-national
1999,FEDERAL ALLIANCE,86704,0.5426752794711345,2,iec-1999-national
1999,INKATHA FREEDOM PARTY,1371477,8.583994559227175,34,iec-1999-national
1999,MINORITY FRONT,48277,0.3021629275123173,1,iec-1999-national
1999,NEW NATIONAL PARTY,1098215,6.873663637714429,28,iec-1999-national
1999,PAN AFRICANIST CONGRESS OF AZANIA,113125,0.7080427776131677,3,iec-1999-national
1999,THE GOVERNMENT BY THE PEOPLE GREEN PARTY,9193,0.05753845086937326,0,iec-1999-national
1999,THE SOCIALIST PARTY OF AZANIA,9062,0.056718529509220114,0,iec-1999-national
1999,UNITED CHRISTIAN DEMOCRATIC PARTY,125280,0.7841202137403549,3,iec-1999-national
1999,UNITED DEMOCRATIC MOVEMENT,546790,3.4223267215125213,14,iec-1999-national
1999,VRYHEIDSFRONT \ FREEDOM FRONT,127217,0.7962437837755965,3,iec-1999-national
2004,AFRICAN CHRISTIAN DEMOCRATIC PARTY,250272,1.6030056612350314,7,iec-2004-national
2004,AFRICAN NATIONAL CONGRESS,10880915,69.69284755952393,279,iec-2004-national
2004,AZANIAN PEOPLE'S ORGANISATION,39116,0.25054009016138235,1,iec-2004-national
2004,CHRISTIAN DEMOCRATIC PARTY,17619,0.112850645478919,0,iec-2004-national
2004,DEMOCRATIC ALLIANCE/DEMOKRATIESE ALLIANSIE,1931201,12.369446586045399,50,iec-2004-national
2004,INDEPENDENT DEMOCRATS,269765,1.7278593778092166,7,iec-2004-national
2004,INKATHA FREEDOM PARTY,1088664,6.972951649336618,28,iec-2004-national
2004,KEEP IT STRAIGHT AND SIMPLE,6514,0.041722521405850414,0,iec-2004-national
2004,MINORITY FRONT,55267,0.3539881164472114,2,iec-2004-national
2004,NASIONALE AKSIE,15804,0.10122547256648143,0,iec-2004-national
2004,NEW LABOUR PARTY,13318,0.08530250845611236,0,iec-2004-national
2004,NUWE NASIONALE PARTY/NEW NATIONAL PARTY,257824,1.6513766286370861,7,iec-2004-national
2004,PAN AFRICANIST CONGRESS OF AZANIA,113512,0.7270504835463452,3,iec-2004-national
2004,PEACE AND JUSTICE CONGRESS,15187,0.09727355428164726,0,iec-2004-national
2004,THE EMPLOYMENT MOVEMENT OF SOUTH AFRICA,10446,0.06690719352249208,0,iec-2004-national
2004,THE ORGANISATION PARTY,7531,0.04823646126918322,0,iec-2004-national
2004,THE SOCIALIST PARTY OF AZANIA,14853,0.09513426626360089,0,iec-2004-national
2004,UNITED CHRISTIAN DEMOCRATIC PARTY,117792,0.7544641144362806,3,iec-2004-national
2004,UNITED DEMOCRATIC MOVEMENT,355717,2.2783865745970053,9,iec-2004-national
2004,UNITED FRONT,11889,0.07614968636692594,0,iec-2004-national
2004,VRYHEIDSFRONT PLUS,139465,0.8932808486132834,4,iec-2004-national
2009,A PARTY,2847,0.016102277230763507,0,iec-2009-national
2009,AFRICAN CHRISTIAN DEMOCRATIC PARTY,142658,0.8068558711578012,3,iec-2009-national
2009,AFRICAN NATIONAL CONGRESS,11650748,65.8951788696043,264,iec-2009-national
2009,AFRICAN PEOPLE'S CONVENTION,35867,0.2028592825556005,1,iec-2009-national
2009,AL JAMA-AH,25947,0.14675299870271186,0,iec-2009-national
2009,ALLIANCE OF FREE DEMOCRATS,5178,0.029286122761114655,0,iec-2009-national
2009,AZANIAN PEOPLE'S ORGANISATION,38245,0.2163089542292063,1,iec-2009-national
2009,CHRISTIAN DEMOCRATIC ALLIANCE,11638,0.06582307777015303,0,iec-2009-national
2009,CONGRESS OF THE PEOPLE,1311027,7.415005342822685,30,iec-2009-national
2009,DEMOCRATIC ALLIANCE/DEMOKRATIESE ALLIANSIE,2945829,16.661241739523298,67,iec-2009-national
2009,GREAT KONGRESS OF SOUTH AFRICA,8271,0.04677974533742359,0,iec-2009-national
2009,INDEPENDENT DEMOCRATS,162915,0.9214269389005396,4,iec-2009-national
2009,INKATHA FREEDOM PARTY,804260,4.548794339871393,18,iec-2009-national
2009,KEEP IT STRAIGHT AND SIMPLE,5440,0.030767962112874418,0,iec-2009-national
2009,MINORITY FRONT,43474,0.24588352663512913,1,iec-2009-national
2009,MOVEMENT DEMOCRATIC PARTY,29747,0.1682453251786168,0,iec-2009-national
2009,NATIONAL DEMOCRATIC CONVENTION,10830,0.06125313045632903,0,iec-2009-national
2009,NEW VISION PARTY,9296,0.05257701761052952,0,iec-2009-national
2009,PAN AFRICANIST CONGRESS OF AZANIA,48530,0.27447963259885944,1,iec-2009-national
2009,PAN AFRICANIST MOVEMENT,5426,0.030688779857436874,0,iec-2009-national
2009,SOUTH AFRICAN DEMOCRATIC CONGRESS,6035,0.03413320796897006,0,iec-2009-national
2009,UNITED CHRISTIAN DEMOCRATIC PARTY,66086,0.3737741809175402,2,iec-2009-national
2009,UNITED DEMOCRATIC MOVEMENT,149680,0.8465714281351181,4,iec-2009-national
2009,UNITED INDEPENDENT FRONT,8872,0.0501789264458496,0,iec-2009-national
2009,VRYHEIDSFRONT PLUS,146796,0.8302598835149839,4,iec-2009-national
2009,WOMEN FORWARD,5087,0.028771438100770617,0,iec-2009-national
2014,AFRICAN CHRISTIAN DEMOCRATIC PARTY,104039,0.5653526257876853,3,iec-2014-national
2014,AFRICAN INDEPENDENT CONGRESS,97642,0.5305910388139174,3,iec-2014-national
2014,AFRICAN NATIONAL CONGRESS,11436921,62.14874535776313,249,iec-2014-national
2014,AFRICAN PEOPLE'S CONVENTION,30676,0.1666947697369547,1,iec-2014-national
2014,AGANG SOUTH AFRICA,52350,0.2844722648236269,2,iec-2014-national
2014,AL JAMA-AH,25976,0.14115475742232153,0,iec-2014-national
2014,AZANIAN PEOPLE'S ORGANISATION,20421,0.11096863648449448,0,iec-2014-national
2014,BUSHBUCKRIDGE RESIDENTS ASSOCIATION,15271,0.0829833038418645,0,iec-2014-national
2014,CONGRESS OF THE PEOPLE,123235,0.6696645569348552,3,iec-2014-national
2014,DEMOCRATIC ALLIANCE,4091584,22.233852286458735,89,iec-2014-national
2014,ECONOMIC FREEDOM FIGHTERS,1169259,6.353806225318228,25,iec-2014-national
2014,FIRST NATION LIBERATION ALLIANCE,3297,0.017916046936456504,0,iec-2014-national
2014,FRONT NASIONAAL/FRONT NATIONAL,5138,0.027920124100550052,0,iec-2014-national
2014,INDEPENDENT CIVIC ORGANISATION OF SOUTH AFRICA,14472,0.07864150174837686,0,iec-2014-national
2014,INKATHA FREEDOM PARTY,441854,2.4010545960148777,10,iec-2014-national
2014,KEEP IT STRAIGHT AND SIMPLE,4294,0.023333789974262734,0,iec-2014-national
2014,KINGDOM GOVERNANCE MOVEMENT,6408,0.034821361470674335,0,iec-2014-national
2014,MINORITY FRONT,22589,0.12274964642026567,0,iec-2014-national
2014,NATIONAL FREEDOM PARTY,288742,1.5690370714365556,6,iec-2014-national
2014,PAN AFRICANIST CONGRESS OF AZANIA,37784,0.2053199628289574,1,iec-2014-national
2014,PAN AFRICANIST MOVEMENT,3815,0.02073088233623948,0,iec-2014-national
2014,PATRIOTIC ALLIANCE,13263,0.07207174113382547,0,iec-2014-national
2014,PEOPLES ALLIANCE,1671,0.009080289484628091,0,iec-2014-national
2014,UBUNTU PARTY,8234,0.04474392795716799,0,iec-2014-national
2014,UNITED CHRISTIAN DEMOCRATIC PARTY,21744,0.11815787824880504,0,iec-2014-national
2014,UNITED CONGRESS,3136,0.017041165663550982,0,iec-2014-national
2014,UNITED DEMOCRATIC MOVEMENT,184636,1.0033203646222575,4,iec-2014-national
2014,VRYHEIDSFRONT PLUS,165715,0.9005027958977523,4,iec-2014-national
2014,WORKERS AND SOCIALIST PARTY,8331,0.045271030338980625,0,iec-2014-national
2019,AFRICAN CHRISTIAN DEMOCRATIC PARTY,146262,0.8387843150051392,4,iec-2019-seats
2019,AFRICAN CONGRESS OF DEMOCRATS,3768,0.021608752095139988,0,iec-2019-seats
2019,AFRICAN CONTENT MOVEMENT,4841,0.027762199812253897,0,iec-2019-seats
2019,AFRICAN COVENANT,7019,0.040252609064699456,0,iec-2019-seats
2019,AFRICAN DEMOCRATIC CHANGE,6499,0.03727050951866103,0,iec-2019-seats
2019,AFRICAN INDEPENDENT CONGRESS,48107,0.2758843516562896,2,iec-2019-seats
2019,AFRICAN NATIONAL CONGRESS,10026475,57.49989720358777,230,iec-2019-seats
2019,AFRICAN PEOPLE'S CONVENTION,19593,0.11236207001063633,0,iec-2019-seats
2019,AFRICAN RENAISSANCE UNITY,3860,0.022136354322516018,0,iec-2019-seats
2019,AFRICAN SECURITY CONGRESS,26262,0.15060749668857917,0,iec-2019-seats
2019,AFRICAN TRANSFORMATION MOVEMENT,76830,0.44060520792717756,2,iec-2019-seats
2019,AFRIKAN ALLIANCE OF SOCIAL DEMOCRATS,18834,0.1080093516347841,0,iec-2019-seats
2019,AGANG SOUTH AFRICA,13856,0.07946148328828548,0,iec-2019-seats
2019,AL JAMA-AH,31468,0.18046290098987927,1,iec-2019-seats
2019,ALLIANCE FOR TRANSFORMATION FOR ALL,14266,0.08181275408420038,0,iec-2019-seats
2019,AZANIAN PEOPLE'S ORGANISATION,12823,0.07353742784394375,0,iec-2019-seats
2019,BETTER RESIDENTS ASSOCIATION,9179,0.052639791794397546,0,iec-2019-seats
2019,BLACK FIRST LAND FIRST,19796,0.11352623579495519,0,iec-2019-seats
2019,CAPITALIST PARTY OF SOUTH AFRICA,15915,0.09126945052923378,0,iec-2019-seats
2019,CHRISTIAN POLITICAL MOVEMENT,4980,0.02855933796013724,0,iec-2019-seats
2019,COMPATRIOTS OF SOUTH AFRICA,3406,0.019532752026551695,0,iec-2019-seats
2019,CONGRESS OF THE PEOPLE,47461,0.2721796664510188,2,iec-2019-seats
2019,DEMOCRATIC ALLIANCE,3622531,20.774515481942558,84,iec-2019-seats
2019,DEMOCRATIC LIBERAL CONGRESS,10660,0.06113304069378775,0,iec-2019-seats
2019,ECONOMIC EMANCIPATION FORUM,6321,0.0362497139048248,0,iec-2019-seats
2019,ECONOMIC FREEDOM FIGHTERS,1882480,10.79565914120465,44,iec-2019-seats
2019,FORUM 4 SERVICE DELIVERY,7564,0.043378078781220505,0,iec-2019-seats
2019,FREE DEMOCRATS,2580,0.014795801593806042,0,iec-2019-seats
2019,FRONT NASIONAAL/FRONT NATIONAL,7144,0.04096945991711254,0,iec-2019-seats
2019,GOOD,70408,0.403776278533603,2,iec-2019-seats
2019,INDEPENDENT CIVIC ORGANISATION OF SOUTH AFRICA,12386,0.0710313172639076,0,iec-2019-seats
2019,INKATHA FREEDOM PARTY,588839,3.3768779126725406,14,iec-2019-seats
2019,INTERNATIONAL REVELATION CONGRESS,4247,0.02435572456158692,0,iec-2019-seats
2019,LAND PARTY,7074,0.040568023439761215,0,iec-2019-seats
2019,MINORITY FRONT,11961,0.06859402436570312,0,iec-2019-seats
2019,NATIONAL FREEDOM PARTY,61220,0.35108487347783174,2,iec-2019-seats
2019,NATIONAL PEOPLES AMBASSADORS,1979,0.011349182695403935,0,iec-2019-seats
2019,NATIONAL PEOPLE'S FRONT,4019,0.02304818860678546,0,iec-2019-seats
2019,PAN AFRICANIST CONGRESS OF AZANIA,32677,0.1873962824344186,1,iec-2019-seats
2019,PATRIOTIC ALLIANCE,6660,0.038193813416569085,0,iec-2019-seats
2019,PEOPLE'S REVOLUTIONARY MOVEMENT,2844,0.016309790594102473,0,iec-2019-seats
2019,POWER OF AFRICANS UNITY,2685,0.01539795630983303,0,iec-2019-seats
2019,SOCIALIST REVOLUTIONARY WORKERS PARTY,24439,0.14015294385698676,0,iec-2019-seats
2019,SOUTH AFRICAN MAINTANANCE AND ESTATE BENEFICIARIES ASSOCIATI,2445,0.01402160267319991,0,iec-2019-seats
2019,SOUTH AFRICAN NATIONAL CONGRESS OF TRADITIONAL AUTHORITIES,3714,0.021299072526897535,0,iec-2019-seats
2019,UNITED DEMOCRATIC MOVEMENT,78030,0.4474869761103432,2,iec-2019-seats
2019,VRYHEIDSFRONT PLUS,414864,2.3791648962840117,10,iec-2019-seats
2019,WOMEN FORWARD,6108,0.035028200052312906,0,iec-2019-seats
2024,#HOPE4SA,27216,0.16928171335784237,0,iec-2024-national
2024,ABANTU BATHO CONGRESS,5531,0.03440245284326227,0,iec-2024-national
2024,ABLE LEADERSHIP,3867,0.024052483302277203,0,iec-2024-national
2024,ACTION ALLIANCE DEVELOPMENT PARTY,7802,0.048527922090604275,0,iec-2024-national
2024,ACTIONSA,192329,1.1962736128894937,6,iec-2024-national
2024,AFRICA AFRICANS RECLAIM,3370,0.02096117629394212,0,iec-2024-national
2024,AFRICA RESTORATION ALLIANCE,11107,0.06908480269935166,0,iec-2024-national
2024,AFRICAN CHRISTIAN DEMOCRATIC PARTY,96571,0.6006652094606185,3,iec-2024-national
2024,AFRICAN CONGRESS FOR TRANSFORMATION,18354,0.11416066163175481,0,iec-2024-national
2024,AFRICAN CONTENT MOVEMENT,5107,0.031765200989068966,0,iec-2024-national
2024,AFRICAN HEART CONGRESS,16307,0.10142845751493001,0,iec-2024-national
2024,AFRICAN INDEPENDENT CONGRESS,19899,0.1237704590721526,0,iec-2024-national
2024,AFRICAN MOVEMENT CONGRESS,2141,0.013316877876952545,0,iec-2024-national
2024,AFRICAN NATIONAL CONGRESS,6459284,40.17631770226696,159,iec-2024-national
2024,AFRICAN PEOPLE'S CONVENTION,13195,0.08207202409453006,0,iec-2024-national
2024,AFRICAN PEOPLE'S MOVEMENT,4601,0.028617914578168452,0,iec-2024-national
2024,AFRICAN TRANSFORMATION MOVEMENT,63554,0.3953016611825512,2,iec-2024-national
2024,AL JAMA-AH,39068,0.24300036660288749,2,iec-2024-national
2024,ALL CITIZENS PARTY,3691,0.022957774985442245,0,iec-2024-national
2024,ALLIANCE OF CITIZENS FOR CHANGE,9333,0.05805064046034475,0,iec-2024-national
2024,ALLIED MOVEMENT FOR CHANGE,22057,0.13719307582061763,0,iec-2024-national
2024,AZANIAN PEOPLE'S ORGANISATION,19048,0.11847729556291084,0,iec-2024-national
2024,BUILD ONE SOUTH AFRICA WITH MMUSI MAIMANE,65919,0.410011804190021,2,iec-2024-national
2024,CITIZANS,2992,0.01861004138619431,0,iec-2024-national
2024,CONGRESS OF THE PEOPLE,14173,0.08815511917330614,0,iec-2024-national
2024,CONSERVATIVES IN ACTION,7424,0.04617678718285647,0,iec-2024-national
2024,DEMOCRATIC ALLIANCE,3506855,21.812405309285577,87,iec-2024-national
2024,DEMOCRATIC LIBERAL CONGRESS,10904,0.06782215617482044,0,iec-2024-national
2024,ECONOMIC FREEDOM FIGHTERS,1529914,9.51596352183091,39,iec-2024-national
2024,ECONOMIC LIBERATORS FORUM SOUTH AFRICA,5406,0.03362496114096472,0,iec-2024-national
2024,FORUM 4 SERVICE DELIVERY,10927,0.0679652146480432,0,iec-2024-national
2024,FREE DEMOCRATS,1972,0.01226570909544625,0,iec-2024-national
2024,GOOD,29500,0.18348804174222333,1,iec-2024-national
2024,INKATHA FREEDOM PARTY,618208,3.845212722351742,17,iec-2024-national
2024,NATIONAL COLOURED CONGRESS,37423,0.23276857580065163,2,iec-2024-national
2024,NATIONAL FREEDOM PARTY,19397,0.12064805239572561,0,iec-2024-national
2024,NORTHERN CAPE COMMUNITIES MOVEMENT,6629,0.04123193995624401,0,iec-2024-national
2024,ORGANIC HUMANITY MOVEMENT,5240,0.03259245216031356,0,iec-2024-national
2024,PAN AFRICANIST CONGRESS OF AZANIA,36710,0.22833376313074635,1,iec-2024-national
2024,PATRIOTIC ALLIANCE,330416,2.055165586450795,9,iec-2024-national
2024,PEOPLE'S MOVEMENT FOR CHANGE,5539,0.03445221231220932,0,iec-2024-national
2024,REFERENDUM PARTY,3834,0.02384722549287065,0,iec-2024-national
2024,RISE MZANSI,67970,0.42276888804131924,2,iec-2024-national
2024,SIZWE UMMAH NATION,5016,0.031199187029796342,0,iec-2024-national
2024,SOUTH AFRICAN RAINBOW ALLIANCE,4796,0.029830801633752645,0,iec-2024-national
2024,SOUTH AFRICAN ROYAL KINGDOMS ORGANIZATION,6686,0.0415864761724917,0,iec-2024-national
2024,UMKHONTO WESIZWE,2344291,14.581334402166727,58,iec-2024-national
2024,UNITED AFRICANS TRANSFORMATION,35678,0.22191479163657774,1,iec-2024-national
2024,UNITED DEMOCRATIC MOVEMENT,78444,0.48791647276023614,3,iec-2024-national
2024,UNITED INDEPENDENT MOVEMENT,20004,0.12442355210208254,0,iec-2024-national
2024,VRYHEIDSFRONT PLUS,219052,1.3624888989734745,6,iec-2024-national
2024,XILUVA,2591,0.01611584800522375,0,iec-2024-national
