year,province,party_or_candidate,calculated_seats,sourceId
2004,Eastern Cape,AFRICAN CHRISTIAN DEMOCRATIC PARTY,0,iec-2004-seats
2004,Eastern Cape,AFRICAN NATIONAL CONGRESS,23,iec-2004-seats
2004,Eastern Cape,AZANIAN PEOPLE'S ORGANISATION,0,iec-2004-seats
2004,Eastern Cape,CHRISTIAN DEMOCRATIC PARTY,0,iec-2004-seats
2004,Eastern Cape,DEMOCRATIC ALLIANCE/DEMOKRATIESE ALLIANSIE,2,iec-2004-seats
2004,Eastern Cape,INDEPENDENT DEMOCRATS,0,iec-2004-seats
2004,Eastern Cape,INKATHA FREEDOM PARTY,0,iec-2004-seats
2004,Eastern Cape,KEEP IT STRAIGHT AND SIMPLE,0,iec-2004-seats
2004,Eastern Cape,MINORITY FRONT,0,iec-2004-seats
2004,Eastern Cape,NASIONALE AKSIE,0,iec-2004-seats
2004,Eastern Cape,NEW LABOUR PARTY,0,iec-2004-seats
2004,Eastern Cape,NUWE NASIONALE PARTY/NEW NATIONAL PARTY,0,iec-2004-seats
2004,Eastern Cape,PAN AFRICANIST CONGRESS OF AZANIA,0,iec-2004-seats
2004,Eastern Cape,PEACE AND JUSTICE CONGRESS,0,iec-2004-seats
2004,Eastern Cape,THE EMPLOYMENT MOVEMENT OF SOUTH AFRICA,0,iec-2004-seats
2004,Eastern Cape,THE ORGANISATION PARTY,0,iec-2004-seats
2004,Eastern Cape,THE SOCIALIST PARTY OF AZANIA,0,iec-2004-seats
2004,Eastern Cape,UNITED CHRISTIAN DEMOCRATIC PARTY,0,iec-2004-seats
2004,Eastern Cape,UNITED DEMOCRATIC MOVEMENT,3,iec-2004-seats
2004,Eastern Cape,UNITED FRONT,0,iec-2004-seats
2004,Eastern Cape,VRYHEIDSFRONT PLUS,0,iec-2004-seats
2004,Free State,AFRICAN CHRISTIAN DEMOCRATIC PARTY,0,iec-2004-seats
2004,Free State,AFRICAN NATIONAL CONGRESS,12,iec-2004-seats
2004,Free State,AZANIAN PEOPLE'S ORGANISATION,0,iec-2004-seats
2004,Free State,CHRISTIAN DEMOCRATIC PARTY,0,iec-2004-seats
2004,Free State,DEMOCRATIC ALLIANCE/DEMOKRATIESE ALLIANSIE,1,iec-2004-seats
2004,Free State,INDEPENDENT DEMOCRATS,0,iec-2004-seats
2004,Free State,INKATHA FREEDOM PARTY,0,iec-2004-seats
2004,Free State,KEEP IT STRAIGHT AND SIMPLE,0,iec-2004-seats
2004,Free State,MINORITY FRONT,0,iec-2004-seats
2004,Free State,NASIONALE AKSIE,0,iec-2004-seats
2004,Free State,NEW LABOUR PARTY,0,iec-2004-seats
2004,Free State,NUWE NASIONALE PARTY/NEW NATIONAL PARTY,0,iec-2004-seats
2004,Free State,PAN AFRICANIST CONGRESS OF AZANIA,0,iec-2004-seats
2004,Free State,PEACE AND JUSTICE CONGRESS,0,iec-2004-seats
2004,Free State,THE EMPLOYMENT MOVEMENT OF SOUTH AFRICA,0,iec-2004-seats
2004,Free State,THE ORGANISATION PARTY,0,iec-2004-seats
2004,Free State,THE SOCIALIST PARTY OF AZANIA,0,iec-2004-seats
2004,Free State,UNITED CHRISTIAN DEMOCRATIC PARTY,0,iec-2004-seats
2004,Free State,UNITED DEMOCRATIC MOVEMENT,0,iec-2004-seats
2004,Free State,UNITED FRONT,0,iec-2004-seats
2004,Free State,VRYHEIDSFRONT PLUS,0,iec-2004-seats
2004,Gauteng,AFRICAN CHRISTIAN DEMOCRATIC PARTY,1,iec-2004-seats
2004,Gauteng,AFRICAN NATIONAL CONGRESS,32,iec-2004-seats
2004,Gauteng,AZANIAN PEOPLE'S ORGANISATION,0,iec-2004-seats
2004,Gauteng,CHRISTIAN DEMOCRATIC PARTY,0,iec-2004-seats
2004,Gauteng,DEMOCRATIC ALLIANCE/DEMOKRATIESE ALLIANSIE,9,iec-2004-seats
2004,Gauteng,INDEPENDENT DEMOCRATS,1,iec-2004-seats
2004,Gauteng,INKATHA FREEDOM PARTY,1,iec-2004-seats
2004,Gauteng,KEEP IT STRAIGHT AND SIMPLE,0,iec-2004-seats
2004,Gauteng,MINORITY FRONT,0,iec-2004-seats
2004,Gauteng,NASIONALE AKSIE,0,iec-2004-seats
2004,Gauteng,NEW LABOUR PARTY,0,iec-2004-seats
2004,Gauteng,NUWE NASIONALE PARTY/NEW NATIONAL PARTY,0,iec-2004-seats
2004,Gauteng,PAN AFRICANIST CONGRESS OF AZANIA,0,iec-2004-seats
2004,Gauteng,PEACE AND JUSTICE CONGRESS,0,iec-2004-seats
2004,Gauteng,THE EMPLOYMENT MOVEMENT OF SOUTH AFRICA,0,iec-2004-seats
2004,Gauteng,THE ORGANISATION PARTY,0,iec-2004-seats
2004,Gauteng,THE SOCIALIST PARTY OF AZANIA,0,iec-2004-seats
2004,Gauteng,UNITED CHRISTIAN DEMOCRATIC PARTY,0,iec-2004-seats
2004,Gauteng,UNITED DEMOCRATIC MOVEMENT,0,iec-2004-seats
2004,Gauteng,UNITED FRONT,0,iec-2004-seats
2004,Gauteng,VRYHEIDSFRONT PLUS,1,iec-2004-seats
2004,KwaZulu-Natal,AFRICAN CHRISTIAN DEMOCRATIC PARTY,1,iec-2004-seats
2004,KwaZulu-Natal,AFRICAN NATIONAL CONGRESS,18,iec-2004-seats
2004,KwaZulu-Natal,AZANIAN PEOPLE'S ORGANISATION,0,iec-2004-seats
2004,KwaZulu-Natal,CHRISTIAN DEMOCRATIC PARTY,0,iec-2004-seats
2004,KwaZulu-Natal,DEMOCRATIC ALLIANCE/DEMOKRATIESE ALLIANSIE,4,iec-2004-seats
2004,KwaZulu-Natal,INDEPENDENT DEMOCRATS,0,iec-2004-seats
2004,KwaZulu-Natal,INKATHA FREEDOM PARTY,13,iec-2004-seats
2004,KwaZulu-Natal,KEEP IT STRAIGHT AND SIMPLE,0,iec-2004-seats
2004,KwaZulu-Natal,MINORITY FRONT,1,iec-2004-seats
2004,KwaZulu-Natal,NASIONALE AKSIE,0,iec-2004-seats
2004,KwaZulu-Natal,NEW LABOUR PARTY,0,iec-2004-seats
2004,KwaZulu-Natal,NUWE NASIONALE PARTY/NEW NATIONAL PARTY,0,iec-2004-seats
2004,KwaZulu-Natal,PAN AFRICANIST CONGRESS OF AZANIA,0,iec-2004-seats
2004,KwaZulu-Natal,PEACE AND JUSTICE CONGRESS,0,iec-2004-seats
2004,KwaZulu-Natal,THE EMPLOYMENT MOVEMENT OF SOUTH AFRICA,0,iec-2004-seats
2004,KwaZulu-Natal,THE ORGANISATION PARTY,0,iec-2004-seats
2004,KwaZulu-Natal,THE SOCIALIST PARTY OF AZANIA,0,iec-2004-seats
2004,KwaZulu-Natal,UNITED CHRISTIAN DEMOCRATIC PARTY,0,iec-2004-seats
2004,KwaZulu-Natal,UNITED DEMOCRATIC MOVEMENT,0,iec-2004-seats
2004,KwaZulu-Natal,UNITED FRONT,0,iec-2004-seats
2004,KwaZulu-Natal,VRYHEIDSFRONT PLUS,0,iec-2004-seats
2004,Limpopo,AFRICAN CHRISTIAN DEMOCRATIC PARTY,0,iec-2004-seats
2004,Limpopo,AFRICAN NATIONAL CONGRESS,20,iec-2004-seats
2004,Limpopo,AZANIAN PEOPLE'S ORGANISATION,0,iec-2004-seats
2004,Limpopo,CHRISTIAN DEMOCRATIC PARTY,0,iec-2004-seats
2004,Limpopo,DEMOCRATIC ALLIANCE/DEMOKRATIESE ALLIANSIE,1,iec-2004-seats
2004,Limpopo,INDEPENDENT DEMOCRATS,0,iec-2004-seats
2004,Limpopo,INKATHA FREEDOM PARTY,0,iec-2004-seats
2004,Limpopo,KEEP IT STRAIGHT AND SIMPLE,0,iec-2004-seats
2004,Limpopo,MINORITY FRONT,0,iec-2004-seats
2004,Limpopo,NASIONALE AKSIE,0,iec-2004-seats
2004,Limpopo,NEW LABOUR PARTY,0,iec-2004-seats
2004,Limpopo,NUWE NASIONALE PARTY/NEW NATIONAL PARTY,0,iec-2004-seats
2004,Limpopo,PAN AFRICANIST CONGRESS OF AZANIA,0,iec-2004-seats
2004,Limpopo,PEACE AND JUSTICE CONGRESS,0,iec-2004-seats
2004,Limpopo,THE EMPLOYMENT MOVEMENT OF SOUTH AFRICA,0,iec-2004-seats
2004,Limpopo,THE ORGANISATION PARTY,0,iec-2004-seats
2004,Limpopo,THE SOCIALIST PARTY OF AZANIA,0,iec-2004-seats
2004,Limpopo,UNITED CHRISTIAN DEMOCRATIC PARTY,0,iec-2004-seats
2004,Limpopo,UNITED DEMOCRATIC MOVEMENT,0,iec-2004-seats
2004,Limpopo,UNITED FRONT,0,iec-2004-seats
2004,Limpopo,VRYHEIDSFRONT PLUS,0,iec-2004-seats
2004,Mpumalanga,AFRICAN CHRISTIAN DEMOCRATIC PARTY,0,iec-2004-seats
2004,Mpumalanga,AFRICAN NATIONAL CONGRESS,13,iec-2004-seats
2004,Mpumalanga,AZANIAN PEOPLE'S ORGANISATION,0,iec-2004-seats
2004,Mpumalanga,CHRISTIAN DEMOCRATIC PARTY,0,iec-2004-seats
2004,Mpumalanga,DEMOCRATIC ALLIANCE/DEMOKRATIESE ALLIANSIE,1,iec-2004-seats
2004,Mpumalanga,INDEPENDENT DEMOCRATS,0,iec-2004-seats
2004,Mpumalanga,INKATHA FREEDOM PARTY,0,iec-2004-seats
2004,Mpumalanga,KEEP IT STRAIGHT AND SIMPLE,0,iec-2004-seats
2004,Mpumalanga,MINORITY FRONT,0,iec-2004-seats
2004,Mpumalanga,NASIONALE AKSIE,0,iec-2004-seats
2004,Mpumalanga,NEW LABOUR PARTY,0,iec-2004-seats
2004,Mpumalanga,NUWE NASIONALE PARTY/NEW NATIONAL PARTY,0,iec-2004-seats
2004,Mpumalanga,PAN AFRICANIST CONGRESS OF AZANIA,0,iec-2004-seats
2004,Mpumalanga,PEACE AND JUSTICE CONGRESS,0,iec-2004-seats
2004,Mpumalanga,THE EMPLOYMENT MOVEMENT OF SOUTH AFRICA,0,iec-2004-seats
2004,Mpumalanga,THE ORGANISATION PARTY,0,iec-2004-seats
2004,Mpumalanga,THE SOCIALIST PARTY OF AZANIA,0,iec-2004-seats
2004,Mpumalanga,UNITED CHRISTIAN DEMOCRATIC PARTY,0,iec-2004-seats
2004,Mpumalanga,UNITED DEMOCRATIC MOVEMENT,0,iec-2004-seats
2004,Mpumalanga,UNITED FRONT,0,iec-2004-seats
2004,Mpumalanga,VRYHEIDSFRONT PLUS,0,iec-2004-seats
2004,North West,AFRICAN CHRISTIAN DEMOCRATIC PARTY,0,iec-2004-seats
2004,North West,AFRICAN NATIONAL CONGRESS,15,iec-2004-seats
2004,North West,AZANIAN PEOPLE'S ORGANISATION,0,iec-2004-seats
2004,North West,CHRISTIAN DEMOCRATIC PARTY,0,iec-2004-seats
2004,North West,DEMOCRATIC ALLIANCE/DEMOKRATIESE ALLIANSIE,1,iec-2004-seats
2004,North West,INDEPENDENT DEMOCRATS,0,iec-2004-seats
2004,North West,INKATHA FREEDOM PARTY,0,iec-2004-seats
2004,North West,KEEP IT STRAIGHT AND SIMPLE,0,iec-2004-seats
2004,North West,MINORITY FRONT,0,iec-2004-seats
2004,North West,NASIONALE AKSIE,0,iec-2004-seats
2004,North West,NEW LABOUR PARTY,0,iec-2004-seats
2004,North West,NUWE NASIONALE PARTY/NEW NATIONAL PARTY,0,iec-2004-seats
2004,North West,PAN AFRICANIST CONGRESS OF AZANIA,0,iec-2004-seats
2004,North West,PEACE AND JUSTICE CONGRESS,0,iec-2004-seats
2004,North West,THE EMPLOYMENT MOVEMENT OF SOUTH AFRICA,0,iec-2004-seats
2004,North West,THE ORGANISATION PARTY,0,iec-2004-seats
2004,North West,THE SOCIALIST PARTY OF AZANIA,0,iec-2004-seats
2004,North West,UNITED CHRISTIAN DEMOCRATIC PARTY,1,iec-2004-seats
2004,North West,UNITED DEMOCRATIC MOVEMENT,0,iec-2004-seats
2004,North West,UNITED FRONT,0,iec-2004-seats
2004,North West,VRYHEIDSFRONT PLUS,0,iec-2004-seats
2004,Northern Cape,AFRICAN CHRISTIAN DEMOCRATIC PARTY,0,iec-2004-seats
2004,Northern Cape,AFRICAN NATIONAL CONGRESS,3,iec-2004-seats
2004,Northern Cape,AZANIAN PEOPLE'S ORGANISATION,0,iec-2004-seats
2004,Northern Cape,CHRISTIAN DEMOCRATIC PARTY,0,iec-2004-seats
2004,Northern Cape,DEMOCRATIC ALLIANCE/DEMOKRATIESE ALLIANSIE,1,iec-2004-seats
2004,Northern Cape,INDEPENDENT DEMOCRATS,0,iec-2004-seats
2004,Northern Cape,INKATHA FREEDOM PARTY,0,iec-2004-seats
2004,Northern Cape,KEEP IT STRAIGHT AND SIMPLE,0,iec-2004-seats
2004,Northern Cape,MINORITY FRONT,0,iec-2004-seats
2004,Northern Cape,NASIONALE AKSIE,0,iec-2004-seats
2004,Northern Cape,NEW LABOUR PARTY,0,iec-2004-seats
2004,Northern Cape,NUWE NASIONALE PARTY/NEW NATIONAL PARTY,0,iec-2004-seats
2004,Northern Cape,PAN AFRICANIST CONGRESS OF AZANIA,0,iec-2004-seats
2004,Northern Cape,PEACE AND JUSTICE CONGRESS,0,iec-2004-seats
2004,Northern Cape,THE EMPLOYMENT MOVEMENT OF SOUTH AFRICA,0,iec-2004-seats
2004,Northern Cape,THE ORGANISATION PARTY,0,iec-2004-seats
2004,Northern Cape,THE SOCIALIST PARTY OF AZANIA,0,iec-2004-seats
2004,Northern Cape,UNITED CHRISTIAN DEMOCRATIC PARTY,0,iec-2004-seats
2004,Northern Cape,UNITED DEMOCRATIC MOVEMENT,0,iec-2004-seats
2004,Northern Cape,UNITED FRONT,0,iec-2004-seats
2004,Northern Cape,VRYHEIDSFRONT PLUS,0,iec-2004-seats
2004,Western Cape,AFRICAN CHRISTIAN DEMOCRATIC PARTY,1,iec-2004-seats
2004,Western Cape,AFRICAN NATIONAL CONGRESS,10,iec-2004-seats
2004,Western Cape,AZANIAN PEOPLE'S ORGANISATION,0,iec-2004-seats
2004,Western Cape,CHRISTIAN DEMOCRATIC PARTY,0,iec-2004-seats
2004,Western Cape,DEMOCRATIC ALLIANCE/DEMOKRATIESE ALLIANSIE,6,iec-2004-seats
2004,Western Cape,INDEPENDENT DEMOCRATS,2,iec-2004-seats
2004,Western Cape,INKATHA FREEDOM PARTY,0,iec-2004-seats
2004,Western Cape,KEEP IT STRAIGHT AND SIMPLE,0,iec-2004-seats
2004,Western Cape,MINORITY FRONT,0,iec-2004-seats
2004,Western Cape,NASIONALE AKSIE,0,iec-2004-seats
2004,Western Cape,NEW LABOUR PARTY,0,iec-2004-seats
2004,Western Cape,NUWE NASIONALE PARTY/NEW NATIONAL PARTY,2,iec-2004-seats
2004,Western Cape,PAN AFRICANIST CONGRESS OF AZANIA,0,iec-2004-seats
2004,Western Cape,PEACE AND JUSTICE CONGRESS,0,iec-2004-seats
2004,Western Cape,THE EMPLOYMENT MOVEMENT OF SOUTH AFRICA,0,iec-2004-seats
2004,Western Cape,THE ORGANISATION PARTY,0,iec-2004-seats
2004,Western Cape,THE SOCIALIST PARTY OF AZANIA,0,iec-2004-seats
2004,Western Cape,UNITED CHRISTIAN DEMOCRATIC PARTY,0,iec-2004-seats
2004,Western Cape,UNITED DEMOCRATIC MOVEMENT,0,iec-2004-seats
2004,Western Cape,UNITED FRONT,0,iec-2004-seats
2004,Western Cape,VRYHEIDSFRONT PLUS,0,iec-2004-seats
2009,Eastern Cape,A PARTY,0,iec-2009-seats
2009,Eastern Cape,AFRICAN CHRISTIAN DEMOCRATIC PARTY,0,iec-2009-seats
2009,Eastern Cape,AFRICAN NATIONAL CONGRESS,19,iec-2009-seats
2009,Eastern Cape,AFRICAN PEOPLE'S CONVENTION,0,iec-2009-seats
2009,Eastern Cape,AL JAMA-AH,0,iec-2009-seats
2009,Eastern Cape,ALLIANCE OF FREE DEMOCRATS,0,iec-2009-seats
2009,Eastern Cape,AZANIAN PEOPLE'S ORGANISATION,0,iec-2009-seats
2009,Eastern Cape,CHRISTIAN DEMOCRATIC ALLIANCE,0,iec-2009-seats
2009,Eastern Cape,CONGRESS OF THE PEOPLE,3,iec-2009-seats
2009,Eastern Cape,DEMOCRATIC ALLIANCE/DEMOKRATIESE ALLIANSIE,3,iec-2009-seats
2009,Eastern Cape,GREAT KONGRESS OF SOUTH AFRICA,0,iec-2009-seats
2009,Eastern Cape,INDEPENDENT DEMOCRATS,0,iec-2009-seats
2009,Eastern Cape,INKATHA FREEDOM PARTY,0,iec-2009-seats
2009,Eastern Cape,KEEP IT STRAIGHT AND SIMPLE,0,iec-2009-seats
2009,Eastern Cape,MINORITY FRONT,0,iec-2009-seats
2009,Eastern Cape,MOVEMENT DEMOCRATIC PARTY,0,iec-2009-seats
2009,Eastern Cape,NATIONAL DEMOCRATIC CONVENTION,0,iec-2009-seats
2009,Eastern Cape,NEW VISION PARTY,0,iec-2009-seats
2009,Eastern Cape,PAN AFRICANIST CONGRESS OF AZANIA,0,iec-2009-seats
2009,Eastern Cape,PAN AFRICANIST MOVEMENT,0,iec-2009-seats
2009,Eastern Cape,SOUTH AFRICAN DEMOCRATIC CONGRESS,0,iec-2009-seats
2009,Eastern Cape,UNITED CHRISTIAN DEMOCRATIC PARTY,0,iec-2009-seats
2009,Eastern Cape,UNITED DEMOCRATIC MOVEMENT,1,iec-2009-seats
2009,Eastern Cape,UNITED INDEPENDENT FRONT,0,iec-2009-seats
2009,Eastern Cape,VRYHEIDSFRONT PLUS,0,iec-2009-seats
2009,Eastern Cape,WOMEN FORWARD,0,iec-2009-seats
2009,Free State,A PARTY,0,iec-2009-seats
2009,Free State,AFRICAN CHRISTIAN DEMOCRATIC PARTY,0,iec-2009-seats
2009,Free State,AFRICAN NATIONAL CONGRESS,9,iec-2009-seats
2009,Free State,AFRICAN PEOPLE'S CONVENTION,0,iec-2009-seats
2009,Free State,AL JAMA-AH,0,iec-2009-seats
2009,Free State,ALLIANCE OF FREE DEMOCRATS,0,iec-2009-seats
2009,Free State,AZANIAN PEOPLE'S ORGANISATION,0,iec-2009-seats
2009,Free State,CHRISTIAN DEMOCRATIC ALLIANCE,0,iec-2009-seats
2009,Free State,CONGRESS OF THE PEOPLE,1,iec-2009-seats
2009,Free State,DEMOCRATIC ALLIANCE/DEMOKRATIESE ALLIANSIE,2,iec-2009-seats
2009,Free State,GREAT KONGRESS OF SOUTH AFRICA,0,iec-2009-seats
2009,Free State,INDEPENDENT DEMOCRATS,0,iec-2009-seats
2009,Free State,INKATHA FREEDOM PARTY,0,iec-2009-seats
2009,Free State,KEEP IT STRAIGHT AND SIMPLE,0,iec-2009-seats
2009,Free State,MINORITY FRONT,0,iec-2009-seats
2009,Free State,MOVEMENT DEMOCRATIC PARTY,0,iec-2009-seats
2009,Free State,NATIONAL DEMOCRATIC CONVENTION,0,iec-2009-seats
2009,Free State,NEW VISION PARTY,0,iec-2009-seats
2009,Free State,PAN AFRICANIST CONGRESS OF AZANIA,0,iec-2009-seats
2009,Free State,PAN AFRICANIST MOVEMENT,0,iec-2009-seats
2009,Free State,SOUTH AFRICAN DEMOCRATIC CONGRESS,0,iec-2009-seats
2009,Free State,UNITED CHRISTIAN DEMOCRATIC PARTY,0,iec-2009-seats
2009,Free State,UNITED DEMOCRATIC MOVEMENT,0,iec-2009-seats
2009,Free State,UNITED INDEPENDENT FRONT,0,iec-2009-seats
2009,Free State,VRYHEIDSFRONT PLUS,0,iec-2009-seats
2009,Free State,WOMEN FORWARD,0,iec-2009-seats
2009,Gauteng,A PARTY,0,iec-2009-seats
2009,Gauteng,AFRICAN CHRISTIAN DEMOCRATIC PARTY,0,iec-2009-seats
2009,Gauteng,AFRICAN NATIONAL CONGRESS,31,iec-2009-seats
2009,Gauteng,AFRICAN PEOPLE'S CONVENTION,0,iec-2009-seats
2009,Gauteng,AL JAMA-AH,0,iec-2009-seats
2009,Gauteng,ALLIANCE OF FREE DEMOCRATS,0,iec-2009-seats
2009,Gauteng,AZANIAN PEOPLE'S ORGANISATION,0,iec-2009-seats
2009,Gauteng,CHRISTIAN DEMOCRATIC ALLIANCE,0,iec-2009-seats
2009,Gauteng,CONGRESS OF THE PEOPLE,4,iec-2009-seats
2009,Gauteng,DEMOCRATIC ALLIANCE/DEMOKRATIESE ALLIANSIE,10,iec-2009-seats
2009,Gauteng,GREAT KONGRESS OF SOUTH AFRICA,0,iec-2009-seats
2009,Gauteng,INDEPENDENT DEMOCRATS,0,iec-2009-seats
2009,Gauteng,INKATHA FREEDOM PARTY,1,iec-2009-seats
2009,Gauteng,KEEP IT STRAIGHT AND SIMPLE,0,iec-2009-seats
2009,Gauteng,MINORITY FRONT,0,iec-2009-seats
2009,Gauteng,MOVEMENT DEMOCRATIC PARTY,0,iec-2009-seats
2009,Gauteng,NATIONAL DEMOCRATIC CONVENTION,0,iec-2009-seats
2009,Gauteng,NEW VISION PARTY,0,iec-2009-seats
2009,Gauteng,PAN AFRICANIST CONGRESS OF AZANIA,0,iec-2009-seats
2009,Gauteng,PAN AFRICANIST MOVEMENT,0,iec-2009-seats
2009,Gauteng,SOUTH AFRICAN DEMOCRATIC CONGRESS,0,iec-2009-seats
2009,Gauteng,UNITED CHRISTIAN DEMOCRATIC PARTY,0,iec-2009-seats
2009,Gauteng,UNITED DEMOCRATIC MOVEMENT,0,iec-2009-seats
2009,Gauteng,UNITED INDEPENDENT FRONT,0,iec-2009-seats
2009,Gauteng,VRYHEIDSFRONT PLUS,1,iec-2009-seats
2009,Gauteng,WOMEN FORWARD,0,iec-2009-seats
2009,KwaZulu-Natal,A PARTY,0,iec-2009-seats
2009,KwaZulu-Natal,AFRICAN CHRISTIAN DEMOCRATIC PARTY,0,iec-2009-seats
2009,KwaZulu-Natal,AFRICAN NATIONAL CONGRESS,26,iec-2009-seats
2009,KwaZulu-Natal,AFRICAN PEOPLE'S CONVENTION,0,iec-2009-seats
2009,KwaZulu-Natal,AL JAMA-AH,0,iec-2009-seats
2009,KwaZulu-Natal,ALLIANCE OF FREE DEMOCRATS,0,iec-2009-seats
2009,KwaZulu-Natal,AZANIAN PEOPLE'S ORGANISATION,0,iec-2009-seats
2009,KwaZulu-Natal,CHRISTIAN DEMOCRATIC ALLIANCE,0,iec-2009-seats
2009,KwaZulu-Natal,CONGRESS OF THE PEOPLE,1,iec-2009-seats
2009,KwaZulu-Natal,DEMOCRATIC ALLIANCE/DEMOKRATIESE ALLIANSIE,4,iec-2009-seats
2009,KwaZulu-Natal,GREAT KONGRESS OF SOUTH AFRICA,0,iec-2009-seats
2009,KwaZulu-Natal,INDEPENDENT DEMOCRATS,0,iec-2009-seats
2009,KwaZulu-Natal,INKATHA FREEDOM PARTY,8,iec-2009-seats
2009,KwaZulu-Natal,KEEP IT STRAIGHT AND SIMPLE,0,iec-2009-seats
2009,KwaZulu-Natal,MINORITY FRONT,0,iec-2009-seats
2009,KwaZulu-Natal,MOVEMENT DEMOCRATIC PARTY,0,iec-2009-seats
2009,KwaZulu-Natal,NATIONAL DEMOCRATIC CONVENTION,0,iec-2009-seats
2009,KwaZulu-Natal,NEW VISION PARTY,0,iec-2009-seats
2009,KwaZulu-Natal,PAN AFRICANIST CONGRESS OF AZANIA,0,iec-2009-seats
2009,KwaZulu-Natal,PAN AFRICANIST MOVEMENT,0,iec-2009-seats
2009,KwaZulu-Natal,SOUTH AFRICAN DEMOCRATIC CONGRESS,0,iec-2009-seats
2009,KwaZulu-Natal,UNITED CHRISTIAN DEMOCRATIC PARTY,0,iec-2009-seats
2009,KwaZulu-Natal,UNITED DEMOCRATIC MOVEMENT,0,iec-2009-seats
2009,KwaZulu-Natal,UNITED INDEPENDENT FRONT,0,iec-2009-seats
2009,KwaZulu-Natal,VRYHEIDSFRONT PLUS,0,iec-2009-seats
2009,KwaZulu-Natal,WOMEN FORWARD,0,iec-2009-seats
2009,Limpopo,A PARTY,0,iec-2009-seats
2009,Limpopo,AFRICAN CHRISTIAN DEMOCRATIC PARTY,0,iec-2009-seats
2009,Limpopo,AFRICAN NATIONAL CONGRESS,17,iec-2009-seats
2009,Limpopo,AFRICAN PEOPLE'S CONVENTION,0,iec-2009-seats
2009,Limpopo,AL JAMA-AH,0,iec-2009-seats
2009,Limpopo,ALLIANCE OF FREE DEMOCRATS,0,iec-2009-seats
2009,Limpopo,AZANIAN PEOPLE'S ORGANISATION,0,iec-2009-seats
2009,Limpopo,CHRISTIAN DEMOCRATIC ALLIANCE,0,iec-2009-seats
2009,Limpopo,CONGRESS OF THE PEOPLE,1,iec-2009-seats
2009,Limpopo,DEMOCRATIC ALLIANCE/DEMOKRATIESE ALLIANSIE,1,iec-2009-seats
2009,Limpopo,GREAT KONGRESS OF SOUTH AFRICA,0,iec-2009-seats
2009,Limpopo,INDEPENDENT DEMOCRATS,0,iec-2009-seats
2009,Limpopo,INKATHA FREEDOM PARTY,0,iec-2009-seats
2009,Limpopo,KEEP IT STRAIGHT AND SIMPLE,0,iec-2009-seats
2009,Limpopo,MINORITY FRONT,0,iec-2009-seats
2009,Limpopo,MOVEMENT DEMOCRATIC PARTY,0,iec-2009-seats
2009,Limpopo,NATIONAL DEMOCRATIC CONVENTION,0,iec-2009-seats
2009,Limpopo,NEW VISION PARTY,0,iec-2009-seats
2009,Limpopo,PAN AFRICANIST CONGRESS OF AZANIA,0,iec-2009-seats
2009,Limpopo,PAN AFRICANIST MOVEMENT,0,iec-2009-seats
2009,Limpopo,SOUTH AFRICAN DEMOCRATIC CONGRESS,0,iec-2009-seats
2009,Limpopo,UNITED CHRISTIAN DEMOCRATIC PARTY,0,iec-2009-seats
2009,Limpopo,UNITED DEMOCRATIC MOVEMENT,0,iec-2009-seats
2009,Limpopo,UNITED INDEPENDENT FRONT,0,iec-2009-seats
2009,Limpopo,VRYHEIDSFRONT PLUS,0,iec-2009-seats
2009,Limpopo,WOMEN FORWARD,0,iec-2009-seats
2009,Mpumalanga,A PARTY,0,iec-2009-seats
2009,Mpumalanga,AFRICAN CHRISTIAN DEMOCRATIC PARTY,0,iec-2009-seats
2009,Mpumalanga,AFRICAN NATIONAL CONGRESS,14,iec-2009-seats
2009,Mpumalanga,AFRICAN PEOPLE'S CONVENTION,0,iec-2009-seats
2009,Mpumalanga,AL JAMA-AH,0,iec-2009-seats
2009,Mpumalanga,ALLIANCE OF FREE DEMOCRATS,0,iec-2009-seats
2009,Mpumalanga,AZANIAN PEOPLE'S ORGANISATION,0,iec-2009-seats
2009,Mpumalanga,CHRISTIAN DEMOCRATIC ALLIANCE,0,iec-2009-seats
2009,Mpumalanga,CONGRESS OF THE PEOPLE,0,iec-2009-seats
2009,Mpumalanga,DEMOCRATIC ALLIANCE/DEMOKRATIESE ALLIANSIE,1,iec-2009-seats
2009,Mpumalanga,GREAT KONGRESS OF SOUTH AFRICA,0,iec-2009-seats
2009,Mpumalanga,INDEPENDENT DEMOCRATS,0,iec-2009-seats
2009,Mpumalanga,INKATHA FREEDOM PARTY,0,iec-2009-seats
2009,Mpumalanga,KEEP IT STRAIGHT AND SIMPLE,0,iec-2009-seats
2009,Mpumalanga,MINORITY FRONT,0,iec-2009-seats
2009,Mpumalanga,MOVEMENT DEMOCRATIC PARTY,0,iec-2009-seats
2009,Mpumalanga,NATIONAL DEMOCRATIC CONVENTION,0,iec-2009-seats
2009,Mpumalanga,NEW VISION PARTY,0,iec-2009-seats
2009,Mpumalanga,PAN AFRICANIST CONGRESS OF AZANIA,0,iec-2009-seats
2009,Mpumalanga,PAN AFRICANIST MOVEMENT,0,iec-2009-seats
2009,Mpumalanga,SOUTH AFRICAN DEMOCRATIC CONGRESS,0,iec-2009-seats
2009,Mpumalanga,UNITED CHRISTIAN DEMOCRATIC PARTY,0,iec-2009-seats
2009,Mpumalanga,UNITED DEMOCRATIC MOVEMENT,0,iec-2009-seats
2009,Mpumalanga,UNITED INDEPENDENT FRONT,0,iec-2009-seats
2009,Mpumalanga,VRYHEIDSFRONT PLUS,0,iec-2009-seats
2009,Mpumalanga,WOMEN FORWARD,0,iec-2009-seats
2009,North West,A PARTY,0,iec-2009-seats
2009,North West,AFRICAN CHRISTIAN DEMOCRATIC PARTY,0,iec-2009-seats
2009,North West,AFRICAN NATIONAL CONGRESS,11,iec-2009-seats
2009,North West,AFRICAN PEOPLE'S CONVENTION,0,iec-2009-seats
2009,North West,AL JAMA-AH,0,iec-2009-seats
2009,North West,ALLIANCE OF FREE DEMOCRATS,0,iec-2009-seats
2009,North West,AZANIAN PEOPLE'S ORGANISATION,0,iec-2009-seats
2009,North West,CHRISTIAN DEMOCRATIC ALLIANCE,0,iec-2009-seats
2009,North West,CONGRESS OF THE PEOPLE,1,iec-2009-seats
2009,North West,DEMOCRATIC ALLIANCE/DEMOKRATIESE ALLIANSIE,1,iec-2009-seats
2009,North West,GREAT KONGRESS OF SOUTH AFRICA,0,iec-2009-seats
2009,North West,INDEPENDENT DEMOCRATS,0,iec-2009-seats
2009,North West,INKATHA FREEDOM PARTY,0,iec-2009-seats
2009,North West,KEEP IT STRAIGHT AND SIMPLE,0,iec-2009-seats
2009,North West,MINORITY FRONT,0,iec-2009-seats
2009,North West,MOVEMENT DEMOCRATIC PARTY,0,iec-2009-seats
2009,North West,NATIONAL DEMOCRATIC CONVENTION,0,iec-2009-seats
2009,North West,NEW VISION PARTY,0,iec-2009-seats
2009,North West,PAN AFRICANIST CONGRESS OF AZANIA,0,iec-2009-seats
2009,North West,PAN AFRICANIST MOVEMENT,0,iec-2009-seats
2009,North West,SOUTH AFRICAN DEMOCRATIC CONGRESS,0,iec-2009-seats
2009,North West,UNITED CHRISTIAN DEMOCRATIC PARTY,1,iec-2009-seats
2009,North West,UNITED DEMOCRATIC MOVEMENT,0,iec-2009-seats
2009,North West,UNITED INDEPENDENT FRONT,0,iec-2009-seats
2009,North West,VRYHEIDSFRONT PLUS,0,iec-2009-seats
2009,North West,WOMEN FORWARD,0,iec-2009-seats
2009,Northern Cape,A PARTY,0,iec-2009-seats
2009,Northern Cape,AFRICAN CHRISTIAN DEMOCRATIC PARTY,0,iec-2009-seats
2009,Northern Cape,AFRICAN NATIONAL CONGRESS,3,iec-2009-seats
2009,Northern Cape,AFRICAN PEOPLE'S CONVENTION,0,iec-2009-seats
2009,Northern Cape,AL JAMA-AH,0,iec-2009-seats
2009,Northern Cape,ALLIANCE OF FREE DEMOCRATS,0,iec-2009-seats
2009,Northern Cape,AZANIAN PEOPLE'S ORGANISATION,0,iec-2009-seats
2009,Northern Cape,CHRISTIAN DEMOCRATIC ALLIANCE,0,iec-2009-seats
2009,Northern Cape,CONGRESS OF THE PEOPLE,1,iec-2009-seats
2009,Northern Cape,DEMOCRATIC ALLIANCE/DEMOKRATIESE ALLIANSIE,1,iec-2009-seats
2009,Northern Cape,GREAT KONGRESS OF SOUTH AFRICA,0,iec-2009-seats
2009,Northern Cape,INDEPENDENT DEMOCRATS,0,iec-2009-seats
2009,Northern Cape,INKATHA FREEDOM PARTY,0,iec-2009-seats
2009,Northern Cape,KEEP IT STRAIGHT AND SIMPLE,0,iec-2009-seats
2009,Northern Cape,MINORITY FRONT,0,iec-2009-seats
2009,Northern Cape,MOVEMENT DEMOCRATIC PARTY,0,iec-2009-seats
2009,Northern Cape,NATIONAL DEMOCRATIC CONVENTION,0,iec-2009-seats
2009,Northern Cape,NEW VISION PARTY,0,iec-2009-seats
2009,Northern Cape,PAN AFRICANIST CONGRESS OF AZANIA,0,iec-2009-seats
2009,Northern Cape,PAN AFRICANIST MOVEMENT,0,iec-2009-seats
2009,Northern Cape,SOUTH AFRICAN DEMOCRATIC CONGRESS,0,iec-2009-seats
2009,Northern Cape,UNITED CHRISTIAN DEMOCRATIC PARTY,0,iec-2009-seats
2009,Northern Cape,UNITED DEMOCRATIC MOVEMENT,0,iec-2009-seats
2009,Northern Cape,UNITED INDEPENDENT FRONT,0,iec-2009-seats
2009,Northern Cape,VRYHEIDSFRONT PLUS,0,iec-2009-seats
2009,Northern Cape,WOMEN FORWARD,0,iec-2009-seats
2009,Western Cape,A PARTY,0,iec-2009-seats
2009,Western Cape,AFRICAN CHRISTIAN DEMOCRATIC PARTY,0,iec-2009-seats
2009,Western Cape,AFRICAN NATIONAL CONGRESS,8,iec-2009-seats
2009,Western Cape,AFRICAN PEOPLE'S CONVENTION,0,iec-2009-seats
2009,Western Cape,AL JAMA-AH,0,iec-2009-seats
2009,Western Cape,ALLIANCE OF FREE DEMOCRATS,0,iec-2009-seats
2009,Western Cape,AZANIAN PEOPLE'S ORGANISATION,0,iec-2009-seats
2009,Western Cape,CHRISTIAN DEMOCRATIC ALLIANCE,0,iec-2009-seats
2009,Western Cape,CONGRESS OF THE PEOPLE,2,iec-2009-seats
2009,Western Cape,DEMOCRATIC ALLIANCE/DEMOKRATIESE ALLIANSIE,12,iec-2009-seats
2009,Western Cape,GREAT KONGRESS OF SOUTH AFRICA,0,iec-2009-seats
2009,Western Cape,INDEPENDENT DEMOCRATS,1,iec-2009-seats
2009,Western Cape,INKATHA FREEDOM PARTY,0,iec-2009-seats
2009,Western Cape,KEEP IT STRAIGHT AND SIMPLE,0,iec-2009-seats
2009,Western Cape,MINORITY FRONT,0,iec-2009-seats
2009,Western Cape,MOVEMENT DEMOCRATIC PARTY,0,iec-2009-seats
2009,Western Cape,NATIONAL DEMOCRATIC CONVENTION,0,iec-2009-seats
2009,Western Cape,NEW VISION PARTY,0,iec-2009-seats
2009,Western Cape,PAN AFRICANIST CONGRESS OF AZANIA,0,iec-2009-seats
2009,Western Cape,PAN AFRICANIST MOVEMENT,0,iec-2009-seats
2009,Western Cape,SOUTH AFRICAN DEMOCRATIC CONGRESS,0,iec-2009-seats
2009,Western Cape,UNITED CHRISTIAN DEMOCRATIC PARTY,0,iec-2009-seats
2009,Western Cape,UNITED DEMOCRATIC MOVEMENT,0,iec-2009-seats
2009,Western Cape,UNITED INDEPENDENT FRONT,0,iec-2009-seats
2009,Western Cape,VRYHEIDSFRONT PLUS,0,iec-2009-seats
2009,Western Cape,WOMEN FORWARD,0,iec-2009-seats
2014,Eastern Cape,AFRICAN CHRISTIAN DEMOCRATIC PARTY,0,iec-2014-seats
2014,Eastern Cape,AFRICAN INDEPENDENT CONGRESS,0,iec-2014-seats
2014,Eastern Cape,AFRICAN NATIONAL CONGRESS,19,iec-2014-seats
2014,Eastern Cape,AFRICAN PEOPLE'S CONVENTION,0,iec-2014-seats
2014,Eastern Cape,AGANG SOUTH AFRICA,0,iec-2014-seats
2014,Eastern Cape,AL JAMA-AH,0,iec-2014-seats
2014,Eastern Cape,AZANIAN PEOPLE'S ORGANISATION,0,iec-2014-seats
2014,Eastern Cape,BUSHBUCKRIDGE RESIDENTS ASSOCIATION,0,iec-2014-seats
2014,Eastern Cape,CONGRESS OF THE PEOPLE,0,iec-2014-seats
2014,Eastern Cape,DEMOCRATIC ALLIANCE,4,iec-2014-seats
2014,Eastern Cape,ECONOMIC FREEDOM FIGHTERS,1,iec-2014-seats
2014,Eastern Cape,FIRST NATION LIBERATION ALLIANCE,0,iec-2014-seats
2014,Eastern Cape,FRONT NASIONAAL/FRONT NATIONAL,0,iec-2014-seats
2014,Eastern Cape,INDEPENDENT CIVIC ORGANISATION OF SOUTH AFRICA,0,iec-2014-seats
2014,Eastern Cape,INKATHA FREEDOM PARTY,0,iec-2014-seats
2014,Eastern Cape,KEEP IT STRAIGHT AND SIMPLE,0,iec-2014-seats
2014,Eastern Cape,KINGDOM GOVERNANCE MOVEMENT,0,iec-2014-seats
2014,Eastern Cape,MINORITY FRONT,0,iec-2014-seats
2014,Eastern Cape,NATIONAL FREEDOM PARTY,0,iec-2014-seats
2014,Eastern Cape,PAN AFRICANIST CONGRESS OF AZANIA,0,iec-2014-seats
2014,Eastern Cape,PAN AFRICANIST MOVEMENT,0,iec-2014-seats
2014,Eastern Cape,PATRIOTIC ALLIANCE,0,iec-2014-seats
2014,Eastern Cape,PEOPLES ALLIANCE,0,iec-2014-seats
2014,Eastern Cape,UBUNTU PARTY,0,iec-2014-seats
2014,Eastern Cape,UNITED CHRISTIAN DEMOCRATIC PARTY,0,iec-2014-seats
2014,Eastern Cape,UNITED CONGRESS,0,iec-2014-seats
2014,Eastern Cape,UNITED DEMOCRATIC MOVEMENT,2,iec-2014-seats
2014,Eastern Cape,VRYHEIDSFRONT PLUS,0,iec-2014-seats
2014,Eastern Cape,WORKERS AND SOCIALIST PARTY,0,iec-2014-seats
2014,Free State,AFRICAN CHRISTIAN DEMOCRATIC PARTY,0,iec-2014-seats
2014,Free State,AFRICAN INDEPENDENT CONGRESS,0,iec-2014-seats
2014,Free State,AFRICAN NATIONAL CONGRESS,8,iec-2014-seats
2014,Free State,AFRICAN PEOPLE'S CONVENTION,0,iec-2014-seats
2014,Free State,AGANG SOUTH AFRICA,0,iec-2014-seats
2014,Free State,AL JAMA-AH,0,iec-2014-seats
2014,Free State,AZANIAN PEOPLE'S ORGANISATION,0,iec-2014-seats
2014,Free State,BUSHBUCKRIDGE RESIDENTS ASSOCIATION,0,iec-2014-seats
2014,Free State,CONGRESS OF THE PEOPLE,0,iec-2014-seats
2014,Free State,DEMOCRATIC ALLIANCE,2,iec-2014-seats
2014,Free State,ECONOMIC FREEDOM FIGHTERS,1,iec-2014-seats
2014,Free State,FIRST NATION LIBERATION ALLIANCE,0,iec-2014-seats
2014,Free State,FRONT NASIONAAL/FRONT NATIONAL,0,iec-2014-seats
2014,Free State,INDEPENDENT CIVIC ORGANISATION OF SOUTH AFRICA,0,iec-2014-seats
2014,Free State,INKATHA FREEDOM PARTY,0,iec-2014-seats
2014,Free State,KEEP IT STRAIGHT AND SIMPLE,0,iec-2014-seats
2014,Free State,KINGDOM GOVERNANCE MOVEMENT,0,iec-2014-seats
2014,Free State,MINORITY FRONT,0,iec-2014-seats
2014,Free State,NATIONAL FREEDOM PARTY,0,iec-2014-seats
2014,Free State,PAN AFRICANIST CONGRESS OF AZANIA,0,iec-2014-seats
2014,Free State,PAN AFRICANIST MOVEMENT,0,iec-2014-seats
2014,Free State,PATRIOTIC ALLIANCE,0,iec-2014-seats
2014,Free State,PEOPLES ALLIANCE,0,iec-2014-seats
2014,Free State,UBUNTU PARTY,0,iec-2014-seats
2014,Free State,UNITED CHRISTIAN DEMOCRATIC PARTY,0,iec-2014-seats
2014,Free State,UNITED CONGRESS,0,iec-2014-seats
2014,Free State,UNITED DEMOCRATIC MOVEMENT,0,iec-2014-seats
2014,Free State,VRYHEIDSFRONT PLUS,0,iec-2014-seats
2014,Free State,WORKERS AND SOCIALIST PARTY,0,iec-2014-seats
2014,Gauteng,AFRICAN CHRISTIAN DEMOCRATIC PARTY,0,iec-2014-seats
2014,Gauteng,AFRICAN INDEPENDENT CONGRESS,0,iec-2014-seats
2014,Gauteng,AFRICAN NATIONAL CONGRESS,27,iec-2014-seats
2014,Gauteng,AFRICAN PEOPLE'S CONVENTION,0,iec-2014-seats
2014,Gauteng,AGANG SOUTH AFRICA,0,iec-2014-seats
2014,Gauteng,AL JAMA-AH,0,iec-2014-seats
2014,Gauteng,AZANIAN PEOPLE'S ORGANISATION,0,iec-2014-seats
2014,Gauteng,BUSHBUCKRIDGE RESIDENTS ASSOCIATION,0,iec-2014-seats
2014,Gauteng,CONGRESS OF THE PEOPLE,0,iec-2014-seats
2014,Gauteng,DEMOCRATIC ALLIANCE,14,iec-2014-seats
2014,Gauteng,ECONOMIC FREEDOM FIGHTERS,5,iec-2014-seats
2014,Gauteng,FIRST NATION LIBERATION ALLIANCE,0,iec-2014-seats
2014,Gauteng,FRONT NASIONAAL/FRONT NATIONAL,0,iec-2014-seats
2014,Gauteng,INDEPENDENT CIVIC ORGANISATION OF SOUTH AFRICA,0,iec-2014-seats
2014,Gauteng,INKATHA FREEDOM PARTY,1,iec-2014-seats
2014,Gauteng,KEEP IT STRAIGHT AND SIMPLE,0,iec-2014-seats
2014,Gauteng,KINGDOM GOVERNANCE MOVEMENT,0,iec-2014-seats
2014,Gauteng,MINORITY FRONT,0,iec-2014-seats
2014,Gauteng,NATIONAL FREEDOM PARTY,0,iec-2014-seats
2014,Gauteng,PAN AFRICANIST CONGRESS OF AZANIA,0,iec-2014-seats
2014,Gauteng,PAN AFRICANIST MOVEMENT,0,iec-2014-seats
2014,Gauteng,PATRIOTIC ALLIANCE,0,iec-2014-seats
2014,Gauteng,PEOPLES ALLIANCE,0,iec-2014-seats
2014,Gauteng,UBUNTU PARTY,0,iec-2014-seats
2014,Gauteng,UNITED CHRISTIAN DEMOCRATIC PARTY,0,iec-2014-seats
2014,Gauteng,UNITED CONGRESS,0,iec-2014-seats
2014,Gauteng,UNITED DEMOCRATIC MOVEMENT,0,iec-2014-seats
2014,Gauteng,VRYHEIDSFRONT PLUS,1,iec-2014-seats
2014,Gauteng,WORKERS AND SOCIALIST PARTY,0,iec-2014-seats
2014,KwaZulu-Natal,AFRICAN CHRISTIAN DEMOCRATIC PARTY,0,iec-2014-seats
2014,KwaZulu-Natal,AFRICAN INDEPENDENT CONGRESS,0,iec-2014-seats
2014,KwaZulu-Natal,AFRICAN NATIONAL CONGRESS,27,iec-2014-seats
2014,KwaZulu-Natal,AFRICAN PEOPLE'S CONVENTION,0,iec-2014-seats
2014,KwaZulu-Natal,AGANG SOUTH AFRICA,0,iec-2014-seats
2014,KwaZulu-Natal,AL JAMA-AH,0,iec-2014-seats
2014,KwaZulu-Natal,AZANIAN PEOPLE'S ORGANISATION,0,iec-2014-seats
2014,KwaZulu-Natal,BUSHBUCKRIDGE RESIDENTS ASSOCIATION,0,iec-2014-seats
2014,KwaZulu-Natal,CONGRESS OF THE PEOPLE,0,iec-2014-seats
2014,KwaZulu-Natal,DEMOCRATIC ALLIANCE,5,iec-2014-seats
2014,KwaZulu-Natal,ECONOMIC FREEDOM FIGHTERS,1,iec-2014-seats
2014,KwaZulu-Natal,FIRST NATION LIBERATION ALLIANCE,0,iec-2014-seats
2014,KwaZulu-Natal,FRONT NASIONAAL/FRONT NATIONAL,0,iec-2014-seats
2014,KwaZulu-Natal,INDEPENDENT CIVIC ORGANISATION OF SOUTH AFRICA,0,iec-2014-seats
2014,KwaZulu-Natal,INKATHA FREEDOM PARTY,4,iec-2014-seats
2014,KwaZulu-Natal,KEEP IT STRAIGHT AND SIMPLE,0,iec-2014-seats
2014,KwaZulu-Natal,KINGDOM GOVERNANCE MOVEMENT,0,iec-2014-seats
2014,KwaZulu-Natal,MINORITY FRONT,0,iec-2014-seats
2014,KwaZulu-Natal,NATIONAL FREEDOM PARTY,3,iec-2014-seats
2014,KwaZulu-Natal,PAN AFRICANIST CONGRESS OF AZANIA,0,iec-2014-seats
2014,KwaZulu-Natal,PAN AFRICANIST MOVEMENT,0,iec-2014-seats
2014,KwaZulu-Natal,PATRIOTIC ALLIANCE,0,iec-2014-seats
2014,KwaZulu-Natal,PEOPLES ALLIANCE,0,iec-2014-seats
2014,KwaZulu-Natal,UBUNTU PARTY,0,iec-2014-seats
2014,KwaZulu-Natal,UNITED CHRISTIAN DEMOCRATIC PARTY,0,iec-2014-seats
2014,KwaZulu-Natal,UNITED CONGRESS,0,iec-2014-seats
2014,KwaZulu-Natal,UNITED DEMOCRATIC MOVEMENT,0,iec-2014-seats
2014,KwaZulu-Natal,VRYHEIDSFRONT PLUS,0,iec-2014-seats
2014,KwaZulu-Natal,WORKERS AND SOCIALIST PARTY,0,iec-2014-seats
2014,Limpopo,AFRICAN CHRISTIAN DEMOCRATIC PARTY,0,iec-2014-seats
2014,Limpopo,AFRICAN INDEPENDENT CONGRESS,0,iec-2014-seats
2014,Limpopo,AFRICAN NATIONAL CONGRESS,16,iec-2014-seats
2014,Limpopo,AFRICAN PEOPLE'S CONVENTION,0,iec-2014-seats
2014,Limpopo,AGANG SOUTH AFRICA,0,iec-2014-seats
2014,Limpopo,AL JAMA-AH,0,iec-2014-seats
2014,Limpopo,AZANIAN PEOPLE'S ORGANISATION,0,iec-2014-seats
2014,Limpopo,BUSHBUCKRIDGE RESIDENTS ASSOCIATION,0,iec-2014-seats
2014,Limpopo,CONGRESS OF THE PEOPLE,0,iec-2014-seats
2014,Limpopo,DEMOCRATIC ALLIANCE,1,iec-2014-seats
2014,Limpopo,ECONOMIC FREEDOM FIGHTERS,2,iec-2014-seats
2014,Limpopo,FIRST NATION LIBERATION ALLIANCE,0,iec-2014-seats
2014,Limpopo,FRONT NASIONAAL/FRONT NATIONAL,0,iec-2014-seats
2014,Limpopo,INDEPENDENT CIVIC ORGANISATION OF SOUTH AFRICA,0,iec-2014-seats
2014,Limpopo,INKATHA FREEDOM PARTY,0,iec-2014-seats
2014,Limpopo,KEEP IT STRAIGHT AND SIMPLE,0,iec-2014-seats
2014,Limpopo,KINGDOM GOVERNANCE MOVEMENT,0,iec-2014-seats
2014,Limpopo,MINORITY FRONT,0,iec-2014-seats
2014,Limpopo,NATIONAL FREEDOM PARTY,0,iec-2014-seats
2014,Limpopo,PAN AFRICANIST CONGRESS OF AZANIA,0,iec-2014-seats
2014,Limpopo,PAN AFRICANIST MOVEMENT,0,iec-2014-seats
2014,Limpopo,PATRIOTIC ALLIANCE,0,iec-2014-seats
2014,Limpopo,PEOPLES ALLIANCE,0,iec-2014-seats
2014,Limpopo,UBUNTU PARTY,0,iec-2014-seats
2014,Limpopo,UNITED CHRISTIAN DEMOCRATIC PARTY,0,iec-2014-seats
2014,Limpopo,UNITED CONGRESS,0,iec-2014-seats
2014,Limpopo,UNITED DEMOCRATIC MOVEMENT,0,iec-2014-seats
2014,Limpopo,VRYHEIDSFRONT PLUS,0,iec-2014-seats
2014,Limpopo,WORKERS AND SOCIALIST PARTY,0,iec-2014-seats
2014,Mpumalanga,AFRICAN CHRISTIAN DEMOCRATIC PARTY,0,iec-2014-seats
2014,Mpumalanga,AFRICAN INDEPENDENT CONGRESS,0,iec-2014-seats
2014,Mpumalanga,AFRICAN NATIONAL CONGRESS,13,iec-2014-seats
2014,Mpumalanga,AFRICAN PEOPLE'S CONVENTION,0,iec-2014-seats
2014,Mpumalanga,AGANG SOUTH AFRICA,0,iec-2014-seats
2014,Mpumalanga,AL JAMA-AH,0,iec-2014-seats
2014,Mpumalanga,AZANIAN PEOPLE'S ORGANISATION,0,iec-2014-seats
2014,Mpumalanga,BUSHBUCKRIDGE RESIDENTS ASSOCIATION,0,iec-2014-seats
2014,Mpumalanga,CONGRESS OF THE PEOPLE,0,iec-2014-seats
2014,Mpumalanga,DEMOCRATIC ALLIANCE,1,iec-2014-seats
2014,Mpumalanga,ECONOMIC FREEDOM FIGHTERS,1,iec-2014-seats
2014,Mpumalanga,FIRST NATION LIBERATION ALLIANCE,0,iec-2014-seats
2014,Mpumalanga,FRONT NASIONAAL/FRONT NATIONAL,0,iec-2014-seats
2014,Mpumalanga,INDEPENDENT CIVIC ORGANISATION OF SOUTH AFRICA,0,iec-2014-seats
2014,Mpumalanga,INKATHA FREEDOM PARTY,0,iec-2014-seats
2014,Mpumalanga,KEEP IT STRAIGHT AND SIMPLE,0,iec-2014-seats
2014,Mpumalanga,KINGDOM GOVERNANCE MOVEMENT,0,iec-2014-seats
2014,Mpumalanga,MINORITY FRONT,0,iec-2014-seats
2014,Mpumalanga,NATIONAL FREEDOM PARTY,0,iec-2014-seats
2014,Mpumalanga,PAN AFRICANIST CONGRESS OF AZANIA,0,iec-2014-seats
2014,Mpumalanga,PAN AFRICANIST MOVEMENT,0,iec-2014-seats
2014,Mpumalanga,PATRIOTIC ALLIANCE,0,iec-2014-seats
2014,Mpumalanga,PEOPLES ALLIANCE,0,iec-2014-seats
2014,Mpumalanga,UBUNTU PARTY,0,iec-2014-seats
2014,Mpumalanga,UNITED CHRISTIAN DEMOCRATIC PARTY,0,iec-2014-seats
2014,Mpumalanga,UNITED CONGRESS,0,iec-2014-seats
2014,Mpumalanga,UNITED DEMOCRATIC MOVEMENT,0,iec-2014-seats
2014,Mpumalanga,VRYHEIDSFRONT PLUS,0,iec-2014-seats
2014,Mpumalanga,WORKERS AND SOCIALIST PARTY,0,iec-2014-seats
2014,North West,AFRICAN CHRISTIAN DEMOCRATIC PARTY,0,iec-2014-seats
2014,North West,AFRICAN INDEPENDENT CONGRESS,0,iec-2014-seats
2014,North West,AFRICAN NATIONAL CONGRESS,9,iec-2014-seats
2014,North West,AFRICAN PEOPLE'S CONVENTION,0,iec-2014-seats
2014,North West,AGANG SOUTH AFRICA,0,iec-2014-seats
2014,North West,AL JAMA-AH,0,iec-2014-seats
2014,North West,AZANIAN PEOPLE'S ORGANISATION,0,iec-2014-seats
2014,North West,BUSHBUCKRIDGE RESIDENTS ASSOCIATION,0,iec-2014-seats
2014,North West,CONGRESS OF THE PEOPLE,0,iec-2014-seats
2014,North West,DEMOCRATIC ALLIANCE,2,iec-2014-seats
2014,North West,ECONOMIC FREEDOM FIGHTERS,2,iec-2014-seats
2014,North West,FIRST NATION LIBERATION ALLIANCE,0,iec-2014-seats
2014,North West,FRONT NASIONAAL/FRONT NATIONAL,0,iec-2014-seats
2014,North West,INDEPENDENT CIVIC ORGANISATION OF SOUTH AFRICA,0,iec-2014-seats
2014,North West,INKATHA FREEDOM PARTY,0,iec-2014-seats
2014,North West,KEEP IT STRAIGHT AND SIMPLE,0,iec-2014-seats
2014,North West,KINGDOM GOVERNANCE MOVEMENT,0,iec-2014-seats
2014,North West,MINORITY FRONT,0,iec-2014-seats
2014,North West,NATIONAL FREEDOM PARTY,0,iec-2014-seats
2014,North West,PAN AFRICANIST CONGRESS OF AZANIA,0,iec-2014-seats
2014,North West,PAN AFRICANIST MOVEMENT,0,iec-2014-seats
2014,North West,PATRIOTIC ALLIANCE,0,iec-2014-seats
2014,North West,PEOPLES ALLIANCE,0,iec-2014-seats
2014,North West,UBUNTU PARTY,0,iec-2014-seats
2014,North West,UNITED CHRISTIAN DEMOCRATIC PARTY,0,iec-2014-seats
2014,North West,UNITED CONGRESS,0,iec-2014-seats
2014,North West,UNITED DEMOCRATIC MOVEMENT,0,iec-2014-seats
2014,North West,VRYHEIDSFRONT PLUS,0,iec-2014-seats
2014,North West,WORKERS AND SOCIALIST PARTY,0,iec-2014-seats
2014,Northern Cape,AFRICAN CHRISTIAN DEMOCRATIC PARTY,0,iec-2014-seats
2014,Northern Cape,AFRICAN INDEPENDENT CONGRESS,0,iec-2014-seats
2014,Northern Cape,AFRICAN NATIONAL CONGRESS,4,iec-2014-seats
2014,Northern Cape,AFRICAN PEOPLE'S CONVENTION,0,iec-2014-seats
2014,Northern Cape,AGANG SOUTH AFRICA,0,iec-2014-seats
2014,Northern Cape,AL JAMA-AH,0,iec-2014-seats
2014,Northern Cape,AZANIAN PEOPLE'S ORGANISATION,0,iec-2014-seats
2014,Northern Cape,BUSHBUCKRIDGE RESIDENTS ASSOCIATION,0,iec-2014-seats
2014,Northern Cape,CONGRESS OF THE PEOPLE,0,iec-2014-seats
2014,Northern Cape,DEMOCRATIC ALLIANCE,1,iec-2014-seats
2014,Northern Cape,ECONOMIC FREEDOM FIGHTERS,0,iec-2014-seats
2014,Northern Cape,FIRST NATION LIBERATION ALLIANCE,0,iec-2014-seats
2014,Northern Cape,FRONT NASIONAAL/FRONT NATIONAL,0,iec-2014-seats
2014,Northern Cape,INDEPENDENT CIVIC ORGANISATION OF SOUTH AFRICA,0,iec-2014-seats
2014,Northern Cape,INKATHA FREEDOM PARTY,0,iec-2014-seats
2014,Northern Cape,KEEP IT STRAIGHT AND SIMPLE,0,iec-2014-seats
2014,Northern Cape,KINGDOM GOVERNANCE MOVEMENT,0,iec-2014-seats
2014,Northern Cape,MINORITY FRONT,0,iec-2014-seats
2014,Northern Cape,NATIONAL FREEDOM PARTY,0,iec-2014-seats
2014,Northern Cape,PAN AFRICANIST CONGRESS OF AZANIA,0,iec-2014-seats
2014,Northern Cape,PAN AFRICANIST MOVEMENT,0,iec-2014-seats
2014,Northern Cape,PATRIOTIC ALLIANCE,0,iec-2014-seats
2014,Northern Cape,PEOPLES ALLIANCE,0,iec-2014-seats
2014,Northern Cape,UBUNTU PARTY,0,iec-2014-seats
2014,Northern Cape,UNITED CHRISTIAN DEMOCRATIC PARTY,0,iec-2014-seats
2014,Northern Cape,UNITED CONGRESS,0,iec-2014-seats
2014,Northern Cape,UNITED DEMOCRATIC MOVEMENT,0,iec-2014-seats
2014,Northern Cape,VRYHEIDSFRONT PLUS,0,iec-2014-seats
2014,Northern Cape,WORKERS AND SOCIALIST PARTY,0,iec-2014-seats
2014,Western Cape,AFRICAN CHRISTIAN DEMOCRATIC PARTY,0,iec-2014-seats
2014,Western Cape,AFRICAN INDEPENDENT CONGRESS,0,iec-2014-seats
2014,Western Cape,AFRICAN NATIONAL CONGRESS,8,iec-2014-seats
2014,Western Cape,AFRICAN PEOPLE'S CONVENTION,0,iec-2014-seats
2014,Western Cape,AGANG SOUTH AFRICA,0,iec-2014-seats
2014,Western Cape,AL JAMA-AH,0,iec-2014-seats
2014,Western Cape,AZANIAN PEOPLE'S ORGANISATION,0,iec-2014-seats
2014,Western Cape,BUSHBUCKRIDGE RESIDENTS ASSOCIATION,0,iec-2014-seats
2014,Western Cape,CONGRESS OF THE PEOPLE,0,iec-2014-seats
2014,Western Cape,DEMOCRATIC ALLIANCE,14,iec-2014-seats
2014,Western Cape,ECONOMIC FREEDOM FIGHTERS,1,iec-2014-seats
2014,Western Cape,FIRST NATION LIBERATION ALLIANCE,0,iec-2014-seats
2014,Western Cape,FRONT NASIONAAL/FRONT NATIONAL,0,iec-2014-seats
2014,Western Cape,INDEPENDENT CIVIC ORGANISATION OF SOUTH AFRICA,0,iec-2014-seats
2014,Western Cape,INKATHA FREEDOM PARTY,0,iec-2014-seats
2014,Western Cape,KEEP IT STRAIGHT AND SIMPLE,0,iec-2014-seats
2014,Western Cape,KINGDOM GOVERNANCE MOVEMENT,0,iec-2014-seats
2014,Western Cape,MINORITY FRONT,0,iec-2014-seats
2014,Western Cape,NATIONAL FREEDOM PARTY,0,iec-2014-seats
2014,Western Cape,PAN AFRICANIST CONGRESS OF AZANIA,0,iec-2014-seats
2014,Western Cape,PAN AFRICANIST MOVEMENT,0,iec-2014-seats
2014,Western Cape,PATRIOTIC ALLIANCE,0,iec-2014-seats
2014,Western Cape,PEOPLES ALLIANCE,0,iec-2014-seats
2014,Western Cape,UBUNTU PARTY,0,iec-2014-seats
2014,Western Cape,UNITED CHRISTIAN DEMOCRATIC PARTY,0,iec-2014-seats
2014,Western Cape,UNITED CONGRESS,0,iec-2014-seats
2014,Western Cape,UNITED DEMOCRATIC MOVEMENT,0,iec-2014-seats
2014,Western Cape,VRYHEIDSFRONT PLUS,0,iec-2014-seats
2014,Western Cape,WORKERS AND SOCIALIST PARTY,0,iec-2014-seats
2019,Eastern Cape,AFRICAN CHRISTIAN DEMOCRATIC PARTY,0,iec-2019-seats
2019,Eastern Cape,AFRICAN CONGRESS OF DEMOCRATS,0,iec-2019-seats
2019,Eastern Cape,AFRICAN CONTENT MOVEMENT,0,iec-2019-seats
2019,Eastern Cape,AFRICAN COVENANT,0,iec-2019-seats
2019,Eastern Cape,AFRICAN DEMOCRATIC CHANGE,0,iec-2019-seats
2019,Eastern Cape,AFRICAN INDEPENDENT CONGRESS,0,iec-2019-seats
2019,Eastern Cape,AFRICAN NATIONAL CONGRESS,18,iec-2019-seats
2019,Eastern Cape,AFRICAN PEOPLE'S CONVENTION,0,iec-2019-seats
2019,Eastern Cape,AFRICAN RENAISSANCE UNITY,0,iec-2019-seats
2019,Eastern Cape,AFRICAN SECURITY CONGRESS,0,iec-2019-seats
2019,Eastern Cape,AFRICAN TRANSFORMATION MOVEMENT,0,iec-2019-seats
2019,Eastern Cape,AFRIKAN ALLIANCE OF SOCIAL DEMOCRATS,0,iec-2019-seats
2019,Eastern Cape,AGANG SOUTH AFRICA,0,iec-2019-seats
2019,Eastern Cape,AL JAMA-AH,0,iec-2019-seats
2019,Eastern Cape,ALLIANCE FOR TRANSFORMATION FOR ALL,0,iec-2019-seats
2019,Eastern Cape,AZANIAN PEOPLE'S ORGANISATION,0,iec-2019-seats
2019,Eastern Cape,BETTER RESIDENTS ASSOCIATION,0,iec-2019-seats
2019,Eastern Cape,BLACK FIRST LAND FIRST,0,iec-2019-seats
2019,Eastern Cape,CAPITALIST PARTY OF SOUTH AFRICA,0,iec-2019-seats
2019,Eastern Cape,CHRISTIAN POLITICAL MOVEMENT,0,iec-2019-seats
2019,Eastern Cape,COMPATRIOTS OF SOUTH AFRICA,0,iec-2019-seats
2019,Eastern Cape,CONGRESS OF THE PEOPLE,0,iec-2019-seats
2019,Eastern Cape,DEMOCRATIC ALLIANCE,4,iec-2019-seats
2019,Eastern Cape,DEMOCRATIC LIBERAL CONGRESS,0,iec-2019-seats
2019,Eastern Cape,ECONOMIC EMANCIPATION FORUM,0,iec-2019-seats
2019,Eastern Cape,ECONOMIC FREEDOM FIGHTERS,2,iec-2019-seats
2019,Eastern Cape,FORUM 4 SERVICE DELIVERY,0,iec-2019-seats
2019,Eastern Cape,FREE DEMOCRATS,0,iec-2019-seats
2019,Eastern Cape,FRONT NASIONAAL/FRONT NATIONAL,0,iec-2019-seats
2019,Eastern Cape,GOOD,0,iec-2019-seats
2019,Eastern Cape,INDEPENDENT CIVIC ORGANISATION OF SOUTH AFRICA,0,iec-2019-seats
2019,Eastern Cape,INKATHA FREEDOM PARTY,0,iec-2019-seats
2019,Eastern Cape,INTERNATIONAL REVELATION CONGRESS,0,iec-2019-seats
2019,Eastern Cape,LAND PARTY,0,iec-2019-seats
2019,Eastern Cape,MINORITY FRONT,0,iec-2019-seats
2019,Eastern Cape,NATIONAL FREEDOM PARTY,0,iec-2019-seats
2019,Eastern Cape,NATIONAL PEOPLES AMBASSADORS,0,iec-2019-seats
2019,Eastern Cape,NATIONAL PEOPLE'S FRONT,0,iec-2019-seats
2019,Eastern Cape,PAN AFRICANIST CONGRESS OF AZANIA,0,iec-2019-seats
2019,Eastern Cape,PATRIOTIC ALLIANCE,0,iec-2019-seats
2019,Eastern Cape,PEOPLE'S REVOLUTIONARY MOVEMENT,0,iec-2019-seats
2019,Eastern Cape,POWER OF AFRICANS UNITY,0,iec-2019-seats
2019,Eastern Cape,SOCIALIST REVOLUTIONARY WORKERS PARTY,0,iec-2019-seats
2019,Eastern Cape,SOUTH AFRICAN MAINTANANCE AND ESTATE BENEFICIARIES ASSOCIATI,0,iec-2019-seats
2019,Eastern Cape,SOUTH AFRICAN NATIONAL CONGRESS OF TRADITIONAL AUTHORITIES,0,iec-2019-seats
2019,Eastern Cape,UNITED DEMOCRATIC MOVEMENT,1,iec-2019-seats
2019,Eastern Cape,VRYHEIDSFRONT PLUS,0,iec-2019-seats
2019,Eastern Cape,WOMEN FORWARD,0,iec-2019-seats
2019,Free State,AFRICAN CHRISTIAN DEMOCRATIC PARTY,0,iec-2019-seats
2019,Free State,AFRICAN CONGRESS OF DEMOCRATS,0,iec-2019-seats
2019,Free State,AFRICAN CONTENT MOVEMENT,0,iec-2019-seats
2019,Free State,AFRICAN COVENANT,0,iec-2019-seats
2019,Free State,AFRICAN DEMOCRATIC CHANGE,0,iec-2019-seats
2019,Free State,AFRICAN INDEPENDENT CONGRESS,0,iec-2019-seats
2019,Free State,AFRICAN NATIONAL CONGRESS,8,iec-2019-seats
2019,Free State,AFRICAN PEOPLE'S CONVENTION,0,iec-2019-seats
2019,Free State,AFRICAN RENAISSANCE UNITY,0,iec-2019-seats
2019,Free State,AFRICAN SECURITY CONGRESS,0,iec-2019-seats
2019,Free State,AFRICAN TRANSFORMATION MOVEMENT,0,iec-2019-seats
2019,Free State,AFRIKAN ALLIANCE OF SOCIAL DEMOCRATS,0,iec-2019-seats
2019,Free State,AGANG SOUTH AFRICA,0,iec-2019-seats
2019,Free State,AL JAMA-AH,0,iec-2019-seats
2019,Free State,ALLIANCE FOR TRANSFORMATION FOR ALL,0,iec-2019-seats
2019,Free State,AZANIAN PEOPLE'S ORGANISATION,0,iec-2019-seats
2019,Free State,BETTER RESIDENTS ASSOCIATION,0,iec-2019-seats
2019,Free State,BLACK FIRST LAND FIRST,0,iec-2019-seats
2019,Free State,CAPITALIST PARTY OF SOUTH AFRICA,0,iec-2019-seats
2019,Free State,CHRISTIAN POLITICAL MOVEMENT,0,iec-2019-seats
2019,Free State,COMPATRIOTS OF SOUTH AFRICA,0,iec-2019-seats
2019,Free State,CONGRESS OF THE PEOPLE,0,iec-2019-seats
2019,Free State,DEMOCRATIC ALLIANCE,2,iec-2019-seats
2019,Free State,DEMOCRATIC LIBERAL CONGRESS,0,iec-2019-seats
2019,Free State,ECONOMIC EMANCIPATION FORUM,0,iec-2019-seats
2019,Free State,ECONOMIC FREEDOM FIGHTERS,1,iec-2019-seats
2019,Free State,FORUM 4 SERVICE DELIVERY,0,iec-2019-seats
2019,Free State,FREE DEMOCRATS,0,iec-2019-seats
2019,Free State,FRONT NASIONAAL/FRONT NATIONAL,0,iec-2019-seats
2019,Free State,GOOD,0,iec-2019-seats
2019,Free State,INDEPENDENT CIVIC ORGANISATION OF SOUTH AFRICA,0,iec-2019-seats
2019,Free State,INKATHA FREEDOM PARTY,0,iec-2019-seats
2019,Free State,INTERNATIONAL REVELATION CONGRESS,0,iec-2019-seats
2019,Free State,LAND PARTY,0,iec-2019-seats
2019,Free State,MINORITY FRONT,0,iec-2019-seats
2019,Free State,NATIONAL FREEDOM PARTY,0,iec-2019-seats
2019,Free State,NATIONAL PEOPLES AMBASSADORS,0,iec-2019-seats
2019,Free State,NATIONAL PEOPLE'S FRONT,0,iec-2019-seats
2019,Free State,PAN AFRICANIST CONGRESS OF AZANIA,0,iec-2019-seats
2019,Free State,PATRIOTIC ALLIANCE,0,iec-2019-seats
2019,Free State,PEOPLE'S REVOLUTIONARY MOVEMENT,0,iec-2019-seats
2019,Free State,POWER OF AFRICANS UNITY,0,iec-2019-seats
2019,Free State,SOCIALIST REVOLUTIONARY WORKERS PARTY,0,iec-2019-seats
2019,Free State,SOUTH AFRICAN MAINTANANCE AND ESTATE BENEFICIARIES ASSOCIATI,0,iec-2019-seats
2019,Free State,SOUTH AFRICAN NATIONAL CONGRESS OF TRADITIONAL AUTHORITIES,0,iec-2019-seats
2019,Free State,UNITED DEMOCRATIC MOVEMENT,0,iec-2019-seats
2019,Free State,VRYHEIDSFRONT PLUS,0,iec-2019-seats
2019,Free State,WOMEN FORWARD,0,iec-2019-seats
2019,Gauteng,AFRICAN CHRISTIAN DEMOCRATIC PARTY,0,iec-2019-seats
2019,Gauteng,AFRICAN CONGRESS OF DEMOCRATS,0,iec-2019-seats
2019,Gauteng,AFRICAN CONTENT MOVEMENT,0,iec-2019-seats
2019,Gauteng,AFRICAN COVENANT,0,iec-2019-seats
2019,Gauteng,AFRICAN DEMOCRATIC CHANGE,0,iec-2019-seats
2019,Gauteng,AFRICAN INDEPENDENT CONGRESS,0,iec-2019-seats
2019,Gauteng,AFRICAN NATIONAL CONGRESS,26,iec-2019-seats
2019,Gauteng,AFRICAN PEOPLE'S CONVENTION,0,iec-2019-seats
2019,Gauteng,AFRICAN RENAISSANCE UNITY,0,iec-2019-seats
2019,Gauteng,AFRICAN SECURITY CONGRESS,0,iec-2019-seats
2019,Gauteng,AFRICAN TRANSFORMATION MOVEMENT,0,iec-2019-seats
2019,Gauteng,AFRIKAN ALLIANCE OF SOCIAL DEMOCRATS,0,iec-2019-seats
2019,Gauteng,AGANG SOUTH AFRICA,0,iec-2019-seats
2019,Gauteng,AL JAMA-AH,0,iec-2019-seats
2019,Gauteng,ALLIANCE FOR TRANSFORMATION FOR ALL,0,iec-2019-seats
2019,Gauteng,AZANIAN PEOPLE'S ORGANISATION,0,iec-2019-seats
2019,Gauteng,BETTER RESIDENTS ASSOCIATION,0,iec-2019-seats
2019,Gauteng,BLACK FIRST LAND FIRST,0,iec-2019-seats
2019,Gauteng,CAPITALIST PARTY OF SOUTH AFRICA,0,iec-2019-seats
2019,Gauteng,CHRISTIAN POLITICAL MOVEMENT,0,iec-2019-seats
2019,Gauteng,COMPATRIOTS OF SOUTH AFRICA,0,iec-2019-seats
2019,Gauteng,CONGRESS OF THE PEOPLE,0,iec-2019-seats
2019,Gauteng,DEMOCRATIC ALLIANCE,12,iec-2019-seats
2019,Gauteng,DEMOCRATIC LIBERAL CONGRESS,0,iec-2019-seats
2019,Gauteng,ECONOMIC EMANCIPATION FORUM,0,iec-2019-seats
2019,Gauteng,ECONOMIC FREEDOM FIGHTERS,7,iec-2019-seats
2019,Gauteng,FORUM 4 SERVICE DELIVERY,0,iec-2019-seats
2019,Gauteng,FREE DEMOCRATS,0,iec-2019-seats
2019,Gauteng,FRONT NASIONAAL/FRONT NATIONAL,0,iec-2019-seats
2019,Gauteng,GOOD,0,iec-2019-seats
2019,Gauteng,INDEPENDENT CIVIC ORGANISATION OF SOUTH AFRICA,0,iec-2019-seats
2019,Gauteng,INKATHA FREEDOM PARTY,1,iec-2019-seats
2019,Gauteng,INTERNATIONAL REVELATION CONGRESS,0,iec-2019-seats
2019,Gauteng,LAND PARTY,0,iec-2019-seats
2019,Gauteng,MINORITY FRONT,0,iec-2019-seats
2019,Gauteng,NATIONAL FREEDOM PARTY,0,iec-2019-seats
2019,Gauteng,NATIONAL PEOPLES AMBASSADORS,0,iec-2019-seats
2019,Gauteng,NATIONAL PEOPLE'S FRONT,0,iec-2019-seats
2019,Gauteng,PAN AFRICANIST CONGRESS OF AZANIA,0,iec-2019-seats
2019,Gauteng,PATRIOTIC ALLIANCE,0,iec-2019-seats
2019,Gauteng,PEOPLE'S REVOLUTIONARY MOVEMENT,0,iec-2019-seats
2019,Gauteng,POWER OF AFRICANS UNITY,0,iec-2019-seats
2019,Gauteng,SOCIALIST REVOLUTIONARY WORKERS PARTY,0,iec-2019-seats
2019,Gauteng,SOUTH AFRICAN MAINTANANCE AND ESTATE BENEFICIARIES ASSOCIATI,0,iec-2019-seats
2019,Gauteng,SOUTH AFRICAN NATIONAL CONGRESS OF TRADITIONAL AUTHORITIES,0,iec-2019-seats
2019,Gauteng,UNITED DEMOCRATIC MOVEMENT,0,iec-2019-seats
2019,Gauteng,VRYHEIDSFRONT PLUS,2,iec-2019-seats
2019,Gauteng,WOMEN FORWARD,0,iec-2019-seats
2019,KwaZulu-Natal,AFRICAN CHRISTIAN DEMOCRATIC PARTY,0,iec-2019-seats
2019,KwaZulu-Natal,AFRICAN CONGRESS OF DEMOCRATS,0,iec-2019-seats
2019,KwaZulu-Natal,AFRICAN CONTENT MOVEMENT,0,iec-2019-seats
2019,KwaZulu-Natal,AFRICAN COVENANT,0,iec-2019-seats
2019,KwaZulu-Natal,AFRICAN DEMOCRATIC CHANGE,0,iec-2019-seats
2019,KwaZulu-Natal,AFRICAN INDEPENDENT CONGRESS,0,iec-2019-seats
2019,KwaZulu-Natal,AFRICAN NATIONAL CONGRESS,24,iec-2019-seats
2019,KwaZulu-Natal,AFRICAN PEOPLE'S CONVENTION,0,iec-2019-seats
2019,KwaZulu-Natal,AFRICAN RENAISSANCE UNITY,0,iec-2019-seats
2019,KwaZulu-Natal,AFRICAN SECURITY CONGRESS,0,iec-2019-seats
2019,KwaZulu-Natal,AFRICAN TRANSFORMATION MOVEMENT,0,iec-2019-seats
2019,KwaZulu-Natal,AFRIKAN ALLIANCE OF SOCIAL DEMOCRATS,0,iec-2019-seats
2019,KwaZulu-Natal,AGANG SOUTH AFRICA,0,iec-2019-seats
2019,KwaZulu-Natal,AL JAMA-AH,0,iec-2019-seats
2019,KwaZulu-Natal,ALLIANCE FOR TRANSFORMATION FOR ALL,0,iec-2019-seats
2019,KwaZulu-Natal,AZANIAN PEOPLE'S ORGANISATION,0,iec-2019-seats
2019,KwaZulu-Natal,BETTER RESIDENTS ASSOCIATION,0,iec-2019-seats
2019,KwaZulu-Natal,BLACK FIRST LAND FIRST,0,iec-2019-seats
2019,KwaZulu-Natal,CAPITALIST PARTY OF SOUTH AFRICA,0,iec-2019-seats
2019,KwaZulu-Natal,CHRISTIAN POLITICAL MOVEMENT,0,iec-2019-seats
2019,KwaZulu-Natal,COMPATRIOTS OF SOUTH AFRICA,0,iec-2019-seats
2019,KwaZulu-Natal,CONGRESS OF THE PEOPLE,0,iec-2019-seats
2019,KwaZulu-Natal,DEMOCRATIC ALLIANCE,6,iec-2019-seats
2019,KwaZulu-Natal,DEMOCRATIC LIBERAL CONGRESS,0,iec-2019-seats
2019,KwaZulu-Natal,ECONOMIC EMANCIPATION FORUM,0,iec-2019-seats
2019,KwaZulu-Natal,ECONOMIC FREEDOM FIGHTERS,4,iec-2019-seats
2019,KwaZulu-Natal,FORUM 4 SERVICE DELIVERY,0,iec-2019-seats
2019,KwaZulu-Natal,FREE DEMOCRATS,0,iec-2019-seats
2019,KwaZulu-Natal,FRONT NASIONAAL/FRONT NATIONAL,0,iec-2019-seats
2019,KwaZulu-Natal,GOOD,0,iec-2019-seats
2019,KwaZulu-Natal,INDEPENDENT CIVIC ORGANISATION OF SOUTH AFRICA,0,iec-2019-seats
2019,KwaZulu-Natal,INKATHA FREEDOM PARTY,6,iec-2019-seats
2019,KwaZulu-Natal,INTERNATIONAL REVELATION CONGRESS,0,iec-2019-seats
2019,KwaZulu-Natal,LAND PARTY,0,iec-2019-seats
2019,KwaZulu-Natal,MINORITY FRONT,0,iec-2019-seats
2019,KwaZulu-Natal,NATIONAL FREEDOM PARTY,1,iec-2019-seats
2019,KwaZulu-Natal,NATIONAL PEOPLES AMBASSADORS,0,iec-2019-seats
2019,KwaZulu-Natal,NATIONAL PEOPLE'S FRONT,0,iec-2019-seats
2019,KwaZulu-Natal,PAN AFRICANIST CONGRESS OF AZANIA,0,iec-2019-seats
2019,KwaZulu-Natal,PATRIOTIC ALLIANCE,0,iec-2019-seats
2019,KwaZulu-Natal,PEOPLE'S REVOLUTIONARY MOVEMENT,0,iec-2019-seats
2019,KwaZulu-Natal,POWER OF AFRICANS UNITY,0,iec-2019-seats
2019,KwaZulu-Natal,SOCIALIST REVOLUTIONARY WORKERS PARTY,0,iec-2019-seats
2019,KwaZulu-Natal,SOUTH AFRICAN MAINTANANCE AND ESTATE BENEFICIARIES ASSOCIATI,0,iec-2019-seats
2019,KwaZulu-Natal,SOUTH AFRICAN NATIONAL CONGRESS OF TRADITIONAL AUTHORITIES,0,iec-2019-seats
2019,KwaZulu-Natal,UNITED DEMOCRATIC MOVEMENT,0,iec-2019-seats
2019,KwaZulu-Natal,VRYHEIDSFRONT PLUS,0,iec-2019-seats
2019,KwaZulu-Natal,WOMEN FORWARD,0,iec-2019-seats
2019,Limpopo,AFRICAN CHRISTIAN DEMOCRATIC PARTY,0,iec-2019-seats
2019,Limpopo,AFRICAN CONGRESS OF DEMOCRATS,0,iec-2019-seats
2019,Limpopo,AFRICAN CONTENT MOVEMENT,0,iec-2019-seats
2019,Limpopo,AFRICAN COVENANT,0,iec-2019-seats
2019,Limpopo,AFRICAN DEMOCRATIC CHANGE,0,iec-2019-seats
2019,Limpopo,AFRICAN INDEPENDENT CONGRESS,0,iec-2019-seats
2019,Limpopo,AFRICAN NATIONAL CONGRESS,15,iec-2019-seats
2019,Limpopo,AFRICAN PEOPLE'S CONVENTION,0,iec-2019-seats
2019,Limpopo,AFRICAN RENAISSANCE UNITY,0,iec-2019-seats
2019,Limpopo,AFRICAN SECURITY CONGRESS,0,iec-2019-seats
2019,Limpopo,AFRICAN TRANSFORMATION MOVEMENT,0,iec-2019-seats
2019,Limpopo,AFRIKAN ALLIANCE OF SOCIAL DEMOCRATS,0,iec-2019-seats
2019,Limpopo,AGANG SOUTH AFRICA,0,iec-2019-seats
2019,Limpopo,AL JAMA-AH,0,iec-2019-seats
2019,Limpopo,ALLIANCE FOR TRANSFORMATION FOR ALL,0,iec-2019-seats
2019,Limpopo,AZANIAN PEOPLE'S ORGANISATION,0,iec-2019-seats
2019,Limpopo,BETTER RESIDENTS ASSOCIATION,0,iec-2019-seats
2019,Limpopo,BLACK FIRST LAND FIRST,0,iec-2019-seats
2019,Limpopo,CAPITALIST PARTY OF SOUTH AFRICA,0,iec-2019-seats
2019,Limpopo,CHRISTIAN POLITICAL MOVEMENT,0,iec-2019-seats
2019,Limpopo,COMPATRIOTS OF SOUTH AFRICA,0,iec-2019-seats
2019,Limpopo,CONGRESS OF THE PEOPLE,0,iec-2019-seats
2019,Limpopo,DEMOCRATIC ALLIANCE,1,iec-2019-seats
2019,Limpopo,DEMOCRATIC LIBERAL CONGRESS,0,iec-2019-seats
2019,Limpopo,ECONOMIC EMANCIPATION FORUM,0,iec-2019-seats
2019,Limpopo,ECONOMIC FREEDOM FIGHTERS,3,iec-2019-seats
2019,Limpopo,FORUM 4 SERVICE DELIVERY,0,iec-2019-seats
2019,Limpopo,FREE DEMOCRATS,0,iec-2019-seats
2019,Limpopo,FRONT NASIONAAL/FRONT NATIONAL,0,iec-2019-seats
2019,Limpopo,GOOD,0,iec-2019-seats
2019,Limpopo,INDEPENDENT CIVIC ORGANISATION OF SOUTH AFRICA,0,iec-2019-seats
2019,Limpopo,INKATHA FREEDOM PARTY,0,iec-2019-seats
2019,Limpopo,INTERNATIONAL REVELATION CONGRESS,0,iec-2019-seats
2019,Limpopo,LAND PARTY,0,iec-2019-seats
2019,Limpopo,MINORITY FRONT,0,iec-2019-seats
2019,Limpopo,NATIONAL FREEDOM PARTY,0,iec-2019-seats
2019,Limpopo,NATIONAL PEOPLES AMBASSADORS,0,iec-2019-seats
2019,Limpopo,NATIONAL PEOPLE'S FRONT,0,iec-2019-seats
2019,Limpopo,PAN AFRICANIST CONGRESS OF AZANIA,0,iec-2019-seats
2019,Limpopo,PATRIOTIC ALLIANCE,0,iec-2019-seats
2019,Limpopo,PEOPLE'S REVOLUTIONARY MOVEMENT,0,iec-2019-seats
2019,Limpopo,POWER OF AFRICANS UNITY,0,iec-2019-seats
2019,Limpopo,SOCIALIST REVOLUTIONARY WORKERS PARTY,0,iec-2019-seats
2019,Limpopo,SOUTH AFRICAN MAINTANANCE AND ESTATE BENEFICIARIES ASSOCIATI,0,iec-2019-seats
2019,Limpopo,SOUTH AFRICAN NATIONAL CONGRESS OF TRADITIONAL AUTHORITIES,0,iec-2019-seats
2019,Limpopo,UNITED DEMOCRATIC MOVEMENT,0,iec-2019-seats
2019,Limpopo,VRYHEIDSFRONT PLUS,0,iec-2019-seats
2019,Limpopo,WOMEN FORWARD,0,iec-2019-seats
2019,Mpumalanga,AFRICAN CHRISTIAN DEMOCRATIC PARTY,0,iec-2019-seats
2019,Mpumalanga,AFRICAN CONGRESS OF DEMOCRATS,0,iec-2019-seats
2019,Mpumalanga,AFRICAN CONTENT MOVEMENT,0,iec-2019-seats
2019,Mpumalanga,AFRICAN COVENANT,0,iec-2019-seats
2019,Mpumalanga,AFRICAN DEMOCRATIC CHANGE,0,iec-2019-seats
2019,Mpumalanga,AFRICAN INDEPENDENT CONGRESS,0,iec-2019-seats
2019,Mpumalanga,AFRICAN NATIONAL CONGRESS,12,iec-2019-seats
2019,Mpumalanga,AFRICAN PEOPLE'S CONVENTION,0,iec-2019-seats
2019,Mpumalanga,AFRICAN RENAISSANCE UNITY,0,iec-2019-seats
2019,Mpumalanga,AFRICAN SECURITY CONGRESS,0,iec-2019-seats
2019,Mpumalanga,AFRICAN TRANSFORMATION MOVEMENT,0,iec-2019-seats
2019,Mpumalanga,AFRIKAN ALLIANCE OF SOCIAL DEMOCRATS,0,iec-2019-seats
2019,Mpumalanga,AGANG SOUTH AFRICA,0,iec-2019-seats
2019,Mpumalanga,AL JAMA-AH,0,iec-2019-seats
2019,Mpumalanga,ALLIANCE FOR TRANSFORMATION FOR ALL,0,iec-2019-seats
2019,Mpumalanga,AZANIAN PEOPLE'S ORGANISATION,0,iec-2019-seats
2019,Mpumalanga,BETTER RESIDENTS ASSOCIATION,0,iec-2019-seats
2019,Mpumalanga,BLACK FIRST LAND FIRST,0,iec-2019-seats
2019,Mpumalanga,CAPITALIST PARTY OF SOUTH AFRICA,0,iec-2019-seats
2019,Mpumalanga,CHRISTIAN POLITICAL MOVEMENT,0,iec-2019-seats
2019,Mpumalanga,COMPATRIOTS OF SOUTH AFRICA,0,iec-2019-seats
2019,Mpumalanga,CONGRESS OF THE PEOPLE,0,iec-2019-seats
2019,Mpumalanga,DEMOCRATIC ALLIANCE,1,iec-2019-seats
2019,Mpumalanga,DEMOCRATIC LIBERAL CONGRESS,0,iec-2019-seats
2019,Mpumalanga,ECONOMIC EMANCIPATION FORUM,0,iec-2019-seats
2019,Mpumalanga,ECONOMIC FREEDOM FIGHTERS,2,iec-2019-seats
2019,Mpumalanga,FORUM 4 SERVICE DELIVERY,0,iec-2019-seats
2019,Mpumalanga,FREE DEMOCRATS,0,iec-2019-seats
2019,Mpumalanga,FRONT NASIONAAL/FRONT NATIONAL,0,iec-2019-seats
2019,Mpumalanga,GOOD,0,iec-2019-seats
2019,Mpumalanga,INDEPENDENT CIVIC ORGANISATION OF SOUTH AFRICA,0,iec-2019-seats
2019,Mpumalanga,INKATHA FREEDOM PARTY,0,iec-2019-seats
2019,Mpumalanga,INTERNATIONAL REVELATION CONGRESS,0,iec-2019-seats
2019,Mpumalanga,LAND PARTY,0,iec-2019-seats
2019,Mpumalanga,MINORITY FRONT,0,iec-2019-seats
2019,Mpumalanga,NATIONAL FREEDOM PARTY,0,iec-2019-seats
2019,Mpumalanga,NATIONAL PEOPLES AMBASSADORS,0,iec-2019-seats
2019,Mpumalanga,NATIONAL PEOPLE'S FRONT,0,iec-2019-seats
2019,Mpumalanga,PAN AFRICANIST CONGRESS OF AZANIA,0,iec-2019-seats
2019,Mpumalanga,PATRIOTIC ALLIANCE,0,iec-2019-seats
2019,Mpumalanga,PEOPLE'S REVOLUTIONARY MOVEMENT,0,iec-2019-seats
2019,Mpumalanga,POWER OF AFRICANS UNITY,0,iec-2019-seats
2019,Mpumalanga,SOCIALIST REVOLUTIONARY WORKERS PARTY,0,iec-2019-seats
2019,Mpumalanga,SOUTH AFRICAN MAINTANANCE AND ESTATE BENEFICIARIES ASSOCIATI,0,iec-2019-seats
2019,Mpumalanga,SOUTH AFRICAN NATIONAL CONGRESS OF TRADITIONAL AUTHORITIES,0,iec-2019-seats
2019,Mpumalanga,UNITED DEMOCRATIC MOVEMENT,0,iec-2019-seats
2019,Mpumalanga,VRYHEIDSFRONT PLUS,0,iec-2019-seats
2019,Mpumalanga,WOMEN FORWARD,0,iec-2019-seats
2019,North West,AFRICAN CHRISTIAN DEMOCRATIC PARTY,0,iec-2019-seats
2019,North West,AFRICAN CONGRESS OF DEMOCRATS,0,iec-2019-seats
2019,North West,AFRICAN CONTENT MOVEMENT,0,iec-2019-seats
2019,North West,AFRICAN COVENANT,0,iec-2019-seats
2019,North West,AFRICAN DEMOCRATIC CHANGE,0,iec-2019-seats
2019,North West,AFRICAN INDEPENDENT CONGRESS,0,iec-2019-seats
2019,North West,AFRICAN NATIONAL CONGRESS,9,iec-2019-seats
2019,North West,AFRICAN PEOPLE'S CONVENTION,0,iec-2019-seats
2019,North West,AFRICAN RENAISSANCE UNITY,0,iec-2019-seats
2019,North West,AFRICAN SECURITY CONGRESS,0,iec-2019-seats
2019,North West,AFRICAN TRANSFORMATION MOVEMENT,0,iec-2019-seats
2019,North West,AFRIKAN ALLIANCE OF SOCIAL DEMOCRATS,0,iec-2019-seats
2019,North West,AGANG SOUTH AFRICA,0,iec-2019-seats
2019,North West,AL JAMA-AH,0,iec-2019-seats
2019,North West,ALLIANCE FOR TRANSFORMATION FOR ALL,0,iec-2019-seats
2019,North West,AZANIAN PEOPLE'S ORGANISATION,0,iec-2019-seats
2019,North West,BETTER RESIDENTS ASSOCIATION,0,iec-2019-seats
2019,North West,BLACK FIRST LAND FIRST,0,iec-2019-seats
2019,North West,CAPITALIST PARTY OF SOUTH AFRICA,0,iec-2019-seats
2019,North West,CHRISTIAN POLITICAL MOVEMENT,0,iec-2019-seats
2019,North West,COMPATRIOTS OF SOUTH AFRICA,0,iec-2019-seats
2019,North West,CONGRESS OF THE PEOPLE,0,iec-2019-seats
2019,North West,DEMOCRATIC ALLIANCE,2,iec-2019-seats
2019,North West,DEMOCRATIC LIBERAL CONGRESS,0,iec-2019-seats
2019,North West,ECONOMIC EMANCIPATION FORUM,0,iec-2019-seats
2019,North West,ECONOMIC FREEDOM FIGHTERS,2,iec-2019-seats
2019,North West,FORUM 4 SERVICE DELIVERY,0,iec-2019-seats
2019,North West,FREE DEMOCRATS,0,iec-2019-seats
2019,North West,FRONT NASIONAAL/FRONT NATIONAL,0,iec-2019-seats
2019,North West,GOOD,0,iec-2019-seats
2019,North West,INDEPENDENT CIVIC ORGANISATION OF SOUTH AFRICA,0,iec-2019-seats
2019,North West,INKATHA FREEDOM PARTY,0,iec-2019-seats
2019,North West,INTERNATIONAL REVELATION CONGRESS,0,iec-2019-seats
2019,North West,LAND PARTY,0,iec-2019-seats
2019,North West,MINORITY FRONT,0,iec-2019-seats
2019,North West,NATIONAL FREEDOM PARTY,0,iec-2019-seats
2019,North West,NATIONAL PEOPLES AMBASSADORS,0,iec-2019-seats
2019,North West,NATIONAL PEOPLE'S FRONT,0,iec-2019-seats
2019,North West,PAN AFRICANIST CONGRESS OF AZANIA,0,iec-2019-seats
2019,North West,PATRIOTIC ALLIANCE,0,iec-2019-seats
2019,North West,PEOPLE'S REVOLUTIONARY MOVEMENT,0,iec-2019-seats
2019,North West,POWER OF AFRICANS UNITY,0,iec-2019-seats
2019,North West,SOCIALIST REVOLUTIONARY WORKERS PARTY,0,iec-2019-seats
2019,North West,SOUTH AFRICAN MAINTANANCE AND ESTATE BENEFICIARIES ASSOCIATI,0,iec-2019-seats
2019,North West,SOUTH AFRICAN NATIONAL CONGRESS OF TRADITIONAL AUTHORITIES,0,iec-2019-seats
2019,North West,UNITED DEMOCRATIC MOVEMENT,0,iec-2019-seats
2019,North West,VRYHEIDSFRONT PLUS,0,iec-2019-seats
2019,North West,WOMEN FORWARD,0,iec-2019-seats
2019,Northern Cape,AFRICAN CHRISTIAN DEMOCRATIC PARTY,0,iec-2019-seats
2019,Northern Cape,AFRICAN CONGRESS OF DEMOCRATS,0,iec-2019-seats
2019,Northern Cape,AFRICAN CONTENT MOVEMENT,0,iec-2019-seats
2019,Northern Cape,AFRICAN COVENANT,0,iec-2019-seats
2019,Northern Cape,AFRICAN DEMOCRATIC CHANGE,0,iec-2019-seats
2019,Northern Cape,AFRICAN INDEPENDENT CONGRESS,0,iec-2019-seats
2019,Northern Cape,AFRICAN NATIONAL CONGRESS,3,iec-2019-seats
2019,Northern Cape,AFRICAN PEOPLE'S CONVENTION,0,iec-2019-seats
2019,Northern Cape,AFRICAN RENAISSANCE UNITY,0,iec-2019-seats
2019,Northern Cape,AFRICAN SECURITY CONGRESS,0,iec-2019-seats
2019,Northern Cape,AFRICAN TRANSFORMATION MOVEMENT,0,iec-2019-seats
2019,Northern Cape,AFRIKAN ALLIANCE OF SOCIAL DEMOCRATS,0,iec-2019-seats
2019,Northern Cape,AGANG SOUTH AFRICA,0,iec-2019-seats
2019,Northern Cape,AL JAMA-AH,0,iec-2019-seats
2019,Northern Cape,ALLIANCE FOR TRANSFORMATION FOR ALL,0,iec-2019-seats
2019,Northern Cape,AZANIAN PEOPLE'S ORGANISATION,0,iec-2019-seats
2019,Northern Cape,BETTER RESIDENTS ASSOCIATION,0,iec-2019-seats
2019,Northern Cape,BLACK FIRST LAND FIRST,0,iec-2019-seats
2019,Northern Cape,CAPITALIST PARTY OF SOUTH AFRICA,0,iec-2019-seats
2019,Northern Cape,CHRISTIAN POLITICAL MOVEMENT,0,iec-2019-seats
2019,Northern Cape,COMPATRIOTS OF SOUTH AFRICA,0,iec-2019-seats
2019,Northern Cape,CONGRESS OF THE PEOPLE,0,iec-2019-seats
2019,Northern Cape,DEMOCRATIC ALLIANCE,1,iec-2019-seats
2019,Northern Cape,DEMOCRATIC LIBERAL CONGRESS,0,iec-2019-seats
2019,Northern Cape,ECONOMIC EMANCIPATION FORUM,0,iec-2019-seats
2019,Northern Cape,ECONOMIC FREEDOM FIGHTERS,1,iec-2019-seats
2019,Northern Cape,FORUM 4 SERVICE DELIVERY,0,iec-2019-seats
2019,Northern Cape,FREE DEMOCRATS,0,iec-2019-seats
2019,Northern Cape,FRONT NASIONAAL/FRONT NATIONAL,0,iec-2019-seats
2019,Northern Cape,GOOD,0,iec-2019-seats
2019,Northern Cape,INDEPENDENT CIVIC ORGANISATION OF SOUTH AFRICA,0,iec-2019-seats
2019,Northern Cape,INKATHA FREEDOM PARTY,0,iec-2019-seats
2019,Northern Cape,INTERNATIONAL REVELATION CONGRESS,0,iec-2019-seats
2019,Northern Cape,LAND PARTY,0,iec-2019-seats
2019,Northern Cape,MINORITY FRONT,0,iec-2019-seats
2019,Northern Cape,NATIONAL FREEDOM PARTY,0,iec-2019-seats
2019,Northern Cape,NATIONAL PEOPLES AMBASSADORS,0,iec-2019-seats
2019,Northern Cape,NATIONAL PEOPLE'S FRONT,0,iec-2019-seats
2019,Northern Cape,PAN AFRICANIST CONGRESS OF AZANIA,0,iec-2019-seats
2019,Northern Cape,PATRIOTIC ALLIANCE,0,iec-2019-seats
2019,Northern Cape,PEOPLE'S REVOLUTIONARY MOVEMENT,0,iec-2019-seats
2019,Northern Cape,POWER OF AFRICANS UNITY,0,iec-2019-seats
2019,Northern Cape,SOCIALIST REVOLUTIONARY WORKERS PARTY,0,iec-2019-seats
2019,Northern Cape,SOUTH AFRICAN MAINTANANCE AND ESTATE BENEFICIARIES ASSOCIATI,0,iec-2019-seats
2019,Northern Cape,SOUTH AFRICAN NATIONAL CONGRESS OF TRADITIONAL AUTHORITIES,0,iec-2019-seats
2019,Northern Cape,UNITED DEMOCRATIC MOVEMENT,0,iec-2019-seats
2019,Northern Cape,VRYHEIDSFRONT PLUS,0,iec-2019-seats
2019,Northern Cape,WOMEN FORWARD,0,iec-2019-seats
2019,Western Cape,AFRICAN CHRISTIAN DEMOCRATIC PARTY,1,iec-2019-seats
2019,Western Cape,AFRICAN CONGRESS OF DEMOCRATS,0,iec-2019-seats
2019,Western Cape,AFRICAN CONTENT MOVEMENT,0,iec-2019-seats
2019,Western Cape,AFRICAN COVENANT,0,iec-2019-seats
2019,Western Cape,AFRICAN DEMOCRATIC CHANGE,0,iec-2019-seats
2019,Western Cape,AFRICAN INDEPENDENT CONGRESS,0,iec-2019-seats
2019,Western Cape,AFRICAN NATIONAL CONGRESS,7,iec-2019-seats
2019,Western Cape,AFRICAN PEOPLE'S CONVENTION,0,iec-2019-seats
2019,Western Cape,AFRICAN RENAISSANCE UNITY,0,iec-2019-seats
2019,Western Cape,AFRICAN SECURITY CONGRESS,0,iec-2019-seats
2019,Western Cape,AFRICAN TRANSFORMATION MOVEMENT,0,iec-2019-seats
2019,Western Cape,AFRIKAN ALLIANCE OF SOCIAL DEMOCRATS,0,iec-2019-seats
2019,Western Cape,AGANG SOUTH AFRICA,0,iec-2019-seats
2019,Western Cape,AL JAMA-AH,0,iec-2019-seats
2019,Western Cape,ALLIANCE FOR TRANSFORMATION FOR ALL,0,iec-2019-seats
2019,Western Cape,AZANIAN PEOPLE'S ORGANISATION,0,iec-2019-seats
2019,Western Cape,BETTER RESIDENTS ASSOCIATION,0,iec-2019-seats
2019,Western Cape,BLACK FIRST LAND FIRST,0,iec-2019-seats
2019,Western Cape,CAPITALIST PARTY OF SOUTH AFRICA,0,iec-2019-seats
2019,Western Cape,CHRISTIAN POLITICAL MOVEMENT,0,iec-2019-seats
2019,Western Cape,COMPATRIOTS OF SOUTH AFRICA,0,iec-2019-seats
2019,Western Cape,CONGRESS OF THE PEOPLE,0,iec-2019-seats
2019,Western Cape,DEMOCRATIC ALLIANCE,13,iec-2019-seats
2019,Western Cape,DEMOCRATIC LIBERAL CONGRESS,0,iec-2019-seats
2019,Western Cape,ECONOMIC EMANCIPATION FORUM,0,iec-2019-seats
2019,Western Cape,ECONOMIC FREEDOM FIGHTERS,1,iec-2019-seats
2019,Western Cape,FORUM 4 SERVICE DELIVERY,0,iec-2019-seats
2019,Western Cape,FREE DEMOCRATS,0,iec-2019-seats
2019,Western Cape,FRONT NASIONAAL/FRONT NATIONAL,0,iec-2019-seats
2019,Western Cape,GOOD,0,iec-2019-seats
2019,Western Cape,INDEPENDENT CIVIC ORGANISATION OF SOUTH AFRICA,0,iec-2019-seats
2019,Western Cape,INKATHA FREEDOM PARTY,0,iec-2019-seats
2019,Western Cape,INTERNATIONAL REVELATION CONGRESS,0,iec-2019-seats
2019,Western Cape,LAND PARTY,0,iec-2019-seats
2019,Western Cape,MINORITY FRONT,0,iec-2019-seats
2019,Western Cape,NATIONAL FREEDOM PARTY,0,iec-2019-seats
2019,Western Cape,NATIONAL PEOPLES AMBASSADORS,0,iec-2019-seats
2019,Western Cape,NATIONAL PEOPLE'S FRONT,0,iec-2019-seats
2019,Western Cape,PAN AFRICANIST CONGRESS OF AZANIA,0,iec-2019-seats
2019,Western Cape,PATRIOTIC ALLIANCE,0,iec-2019-seats
2019,Western Cape,PEOPLE'S REVOLUTIONARY MOVEMENT,0,iec-2019-seats
2019,Western Cape,POWER OF AFRICANS UNITY,0,iec-2019-seats
2019,Western Cape,SOCIALIST REVOLUTIONARY WORKERS PARTY,0,iec-2019-seats
2019,Western Cape,SOUTH AFRICAN MAINTANANCE AND ESTATE BENEFICIARIES ASSOCIATI,0,iec-2019-seats
2019,Western Cape,SOUTH AFRICAN NATIONAL CONGRESS OF TRADITIONAL AUTHORITIES,0,iec-2019-seats
2019,Western Cape,UNITED DEMOCRATIC MOVEMENT,0,iec-2019-seats
2019,Western Cape,VRYHEIDSFRONT PLUS,1,iec-2019-seats
2019,Western Cape,WOMEN FORWARD,0,iec-2019-seats
2024,Eastern Cape,#HOPE4SA,0,iec-2024-seats
2024,Eastern Cape,ABANTU BATHO CONGRESS,0,iec-2024-seats
2024,Eastern Cape,ABLE LEADERSHIP,0,iec-2024-seats
2024,Eastern Cape,ACHMAT ZACKIE - 583999,0,iec-2024-seats
2024,Eastern Cape,ACTION ALLIANCE DEVELOPMENT PARTY,0,iec-2024-seats
2024,Eastern Cape,ACTIONSA,0,iec-2024-seats
2024,Eastern Cape,AFRICA AFRICANS RECLAIM,0,iec-2024-seats
2024,Eastern Cape,AFRICA RESTORATION ALLIANCE,0,iec-2024-seats
2024,Eastern Cape,AFRICAN CHRISTIAN DEMOCRATIC PARTY,0,iec-2024-seats
2024,Eastern Cape,AFRICAN CONGRESS FOR TRANSFORMATION,0,iec-2024-seats
2024,Eastern Cape,AFRICAN CONTENT MOVEMENT,0,iec-2024-seats
2024,Eastern Cape,AFRICAN HEART CONGRESS,0,iec-2024-seats
2024,Eastern Cape,AFRICAN INDEPENDENT CONGRESS,0,iec-2024-seats
2024,Eastern Cape,AFRICAN MOVEMENT CONGRESS,0,iec-2024-seats
2024,Eastern Cape,AFRICAN NATIONAL CONGRESS,16,iec-2024-seats
2024,Eastern Cape,AFRICAN PEOPLE'S CONVENTION,0,iec-2024-seats
2024,Eastern Cape,AFRICAN PEOPLE'S MOVEMENT,0,iec-2024-seats
2024,Eastern Cape,AFRICAN TRANSFORMATION MOVEMENT,0,iec-2024-seats
2024,Eastern Cape,AL JAMA-AH,0,iec-2024-seats
2024,Eastern Cape,ALL CITIZENS PARTY,0,iec-2024-seats
2024,Eastern Cape,ALLIANCE OF CITIZENS FOR CHANGE,0,iec-2024-seats
2024,Eastern Cape,ALLIED MOVEMENT FOR CHANGE,0,iec-2024-seats
2024,Eastern Cape,AZANIAN PEOPLE'S ORGANISATION,0,iec-2024-seats
2024,Eastern Cape,BUILD ONE SOUTH AFRICA WITH MMUSI MAIMANE,0,iec-2024-seats
2024,Eastern Cape,CITIZANS,0,iec-2024-seats
2024,Eastern Cape,CONGRESS OF THE PEOPLE,0,iec-2024-seats
2024,Eastern Cape,CONSERVATIVES IN ACTION,0,iec-2024-seats
2024,Eastern Cape,DEMOCRATIC ALLIANCE,4,iec-2024-seats
2024,Eastern Cape,DEMOCRATIC LIBERAL CONGRESS,0,iec-2024-seats
2024,Eastern Cape,ECONOMIC FREEDOM FIGHTERS,3,iec-2024-seats
2024,Eastern Cape,ECONOMIC LIBERATORS FORUM SOUTH AFRICA,0,iec-2024-seats
2024,Eastern Cape,FORUM 4 SERVICE DELIVERY,0,iec-2024-seats
2024,Eastern Cape,FREE DEMOCRATS,0,iec-2024-seats
2024,Eastern Cape,GOOD,0,iec-2024-seats
2024,Eastern Cape,INKATHA FREEDOM PARTY,0,iec-2024-seats
2024,Eastern Cape,LIEBENBERG LOUIS PETRUS - 588209,0,iec-2024-seats
2024,Eastern Cape,MDA ANELE - 587892,0,iec-2024-seats
2024,Eastern Cape,NATIONAL COLOURED CONGRESS,0,iec-2024-seats
2024,Eastern Cape,NATIONAL FREEDOM PARTY,0,iec-2024-seats
2024,Eastern Cape,NDOU LOVEMORE RAY - 582100,0,iec-2024-seats
2024,Eastern Cape,NORTHERN CAPE COMMUNITIES MOVEMENT,0,iec-2024-seats
2024,Eastern Cape,ORGANIC HUMANITY MOVEMENT,0,iec-2024-seats
2024,Eastern Cape,PAN AFRICANIST CONGRESS OF AZANIA,0,iec-2024-seats
2024,Eastern Cape,PATRIOTIC ALLIANCE,1,iec-2024-seats
2024,Eastern Cape,PEOPLE'S MOVEMENT FOR CHANGE,0,iec-2024-seats
2024,Eastern Cape,PHATHELA NTAKADZENI FAITH - 587582,0,iec-2024-seats
2024,Eastern Cape,RAMOBA LEHLOHONOLO BLESSINGS ANSWER - 501784,0,iec-2024-seats
2024,Eastern Cape,REFERENDUM PARTY,0,iec-2024-seats
2024,Eastern Cape,RISE MZANSI,0,iec-2024-seats
2024,Eastern Cape,SIZWE UMMAH NATION,0,iec-2024-seats
2024,Eastern Cape,SOUTH AFRICAN RAINBOW ALLIANCE,0,iec-2024-seats
2024,Eastern Cape,SOUTH AFRICAN ROYAL KINGDOMS ORGANIZATION,0,iec-2024-seats
2024,Eastern Cape,UMKHONTO WESIZWE,0,iec-2024-seats
2024,Eastern Cape,UNITED AFRICANS TRANSFORMATION,0,iec-2024-seats
2024,Eastern Cape,UNITED DEMOCRATIC MOVEMENT,1,iec-2024-seats
2024,Eastern Cape,UNITED INDEPENDENT MOVEMENT,0,iec-2024-seats
2024,Eastern Cape,VRYHEIDSFRONT PLUS,0,iec-2024-seats
2024,Eastern Cape,XILUVA,0,iec-2024-seats
2024,Free State,#HOPE4SA,0,iec-2024-seats
2024,Free State,ABANTU BATHO CONGRESS,0,iec-2024-seats
2024,Free State,ABLE LEADERSHIP,0,iec-2024-seats
2024,Free State,ACHMAT ZACKIE - 583999,0,iec-2024-seats
2024,Free State,ACTION ALLIANCE DEVELOPMENT PARTY,0,iec-2024-seats
2024,Free State,ACTIONSA,0,iec-2024-seats
2024,Free State,AFRICA AFRICANS RECLAIM,0,iec-2024-seats
2024,Free State,AFRICA RESTORATION ALLIANCE,0,iec-2024-seats
2024,Free State,AFRICAN CHRISTIAN DEMOCRATIC PARTY,0,iec-2024-seats
2024,Free State,AFRICAN CONGRESS FOR TRANSFORMATION,0,iec-2024-seats
2024,Free State,AFRICAN CONTENT MOVEMENT,0,iec-2024-seats
2024,Free State,AFRICAN HEART CONGRESS,0,iec-2024-seats
2024,Free State,AFRICAN INDEPENDENT CONGRESS,0,iec-2024-seats
2024,Free State,AFRICAN MOVEMENT CONGRESS,0,iec-2024-seats
2024,Free State,AFRICAN NATIONAL CONGRESS,6,iec-2024-seats
2024,Free State,AFRICAN PEOPLE'S CONVENTION,0,iec-2024-seats
2024,Free State,AFRICAN PEOPLE'S MOVEMENT,0,iec-2024-seats
2024,Free State,AFRICAN TRANSFORMATION MOVEMENT,0,iec-2024-seats
2024,Free State,AL JAMA-AH,0,iec-2024-seats
2024,Free State,ALL CITIZENS PARTY,0,iec-2024-seats
2024,Free State,ALLIANCE OF CITIZENS FOR CHANGE,0,iec-2024-seats
2024,Free State,ALLIED MOVEMENT FOR CHANGE,0,iec-2024-seats
2024,Free State,AZANIAN PEOPLE'S ORGANISATION,0,iec-2024-seats
2024,Free State,BUILD ONE SOUTH AFRICA WITH MMUSI MAIMANE,0,iec-2024-seats
2024,Free State,CITIZANS,0,iec-2024-seats
2024,Free State,CONGRESS OF THE PEOPLE,0,iec-2024-seats
2024,Free State,CONSERVATIVES IN ACTION,0,iec-2024-seats
2024,Free State,DEMOCRATIC ALLIANCE,2,iec-2024-seats
2024,Free State,DEMOCRATIC LIBERAL CONGRESS,0,iec-2024-seats
2024,Free State,ECONOMIC FREEDOM FIGHTERS,2,iec-2024-seats
2024,Free State,ECONOMIC LIBERATORS FORUM SOUTH AFRICA,0,iec-2024-seats
2024,Free State,FORUM 4 SERVICE DELIVERY,0,iec-2024-seats
2024,Free State,FREE DEMOCRATS,0,iec-2024-seats
2024,Free State,GOOD,0,iec-2024-seats
2024,Free State,INKATHA FREEDOM PARTY,0,iec-2024-seats
2024,Free State,LIEBENBERG LOUIS PETRUS - 588209,0,iec-2024-seats
2024,Free State,MDA ANELE - 587892,0,iec-2024-seats
2024,Free State,NATIONAL COLOURED CONGRESS,0,iec-2024-seats
2024,Free State,NATIONAL FREEDOM PARTY,0,iec-2024-seats
2024,Free State,NDOU LOVEMORE RAY - 582100,0,iec-2024-seats
2024,Free State,NORTHERN CAPE COMMUNITIES MOVEMENT,0,iec-2024-seats
2024,Free State,ORGANIC HUMANITY MOVEMENT,0,iec-2024-seats
2024,Free State,PAN AFRICANIST CONGRESS OF AZANIA,0,iec-2024-seats
2024,Free State,PATRIOTIC ALLIANCE,0,iec-2024-seats
2024,Free State,PEOPLE'S MOVEMENT FOR CHANGE,0,iec-2024-seats
2024,Free State,PHATHELA NTAKADZENI FAITH - 587582,0,iec-2024-seats
2024,Free State,RAMOBA LEHLOHONOLO BLESSINGS ANSWER - 501784,0,iec-2024-seats
2024,Free State,REFERENDUM PARTY,0,iec-2024-seats
2024,Free State,RISE MZANSI,0,iec-2024-seats
2024,Free State,SIZWE UMMAH NATION,0,iec-2024-seats
2024,Free State,SOUTH AFRICAN RAINBOW ALLIANCE,0,iec-2024-seats
2024,Free State,SOUTH AFRICAN ROYAL KINGDOMS ORGANIZATION,0,iec-2024-seats
2024,Free State,UMKHONTO WESIZWE,0,iec-2024-seats
2024,Free State,UNITED AFRICANS TRANSFORMATION,0,iec-2024-seats
2024,Free State,UNITED DEMOCRATIC MOVEMENT,0,iec-2024-seats
2024,Free State,UNITED INDEPENDENT MOVEMENT,0,iec-2024-seats
2024,Free State,VRYHEIDSFRONT PLUS,0,iec-2024-seats
2024,Free State,XILUVA,0,iec-2024-seats
2024,Gauteng,#HOPE4SA,0,iec-2024-seats
2024,Gauteng,ABANTU BATHO CONGRESS,0,iec-2024-seats
2024,Gauteng,ABLE LEADERSHIP,0,iec-2024-seats
2024,Gauteng,ACHMAT ZACKIE - 583999,0,iec-2024-seats
2024,Gauteng,ACTION ALLIANCE DEVELOPMENT PARTY,0,iec-2024-seats
2024,Gauteng,ACTIONSA,2,iec-2024-seats
2024,Gauteng,AFRICA AFRICANS RECLAIM,0,iec-2024-seats
2024,Gauteng,AFRICA RESTORATION ALLIANCE,0,iec-2024-seats
2024,Gauteng,AFRICAN CHRISTIAN DEMOCRATIC PARTY,0,iec-2024-seats
2024,Gauteng,AFRICAN CONGRESS FOR TRANSFORMATION,0,iec-2024-seats
2024,Gauteng,AFRICAN CONTENT MOVEMENT,0,iec-2024-seats
2024,Gauteng,AFRICAN HEART CONGRESS,0,iec-2024-seats
2024,Gauteng,AFRICAN INDEPENDENT CONGRESS,0,iec-2024-seats
2024,Gauteng,AFRICAN MOVEMENT CONGRESS,0,iec-2024-seats
2024,Gauteng,AFRICAN NATIONAL CONGRESS,17,iec-2024-seats
2024,Gauteng,AFRICAN PEOPLE'S CONVENTION,0,iec-2024-seats
2024,Gauteng,AFRICAN PEOPLE'S MOVEMENT,0,iec-2024-seats
2024,Gauteng,AFRICAN TRANSFORMATION MOVEMENT,0,iec-2024-seats
2024,Gauteng,AL JAMA-AH,0,iec-2024-seats
2024,Gauteng,ALL CITIZENS PARTY,0,iec-2024-seats
2024,Gauteng,ALLIANCE OF CITIZENS FOR CHANGE,0,iec-2024-seats
2024,Gauteng,ALLIED MOVEMENT FOR CHANGE,0,iec-2024-seats
2024,Gauteng,AZANIAN PEOPLE'S ORGANISATION,0,iec-2024-seats
2024,Gauteng,BUILD ONE SOUTH AFRICA WITH MMUSI MAIMANE,0,iec-2024-seats
2024,Gauteng,CITIZANS,0,iec-2024-seats
2024,Gauteng,CONGRESS OF THE PEOPLE,0,iec-2024-seats
2024,Gauteng,CONSERVATIVES IN ACTION,0,iec-2024-seats
2024,Gauteng,DEMOCRATIC ALLIANCE,13,iec-2024-seats
2024,Gauteng,DEMOCRATIC LIBERAL CONGRESS,0,iec-2024-seats
2024,Gauteng,ECONOMIC FREEDOM FIGHTERS,6,iec-2024-seats
2024,Gauteng,ECONOMIC LIBERATORS FORUM SOUTH AFRICA,0,iec-2024-seats
2024,Gauteng,FORUM 4 SERVICE DELIVERY,0,iec-2024-seats
2024,Gauteng,FREE DEMOCRATS,0,iec-2024-seats
2024,Gauteng,GOOD,0,iec-2024-seats
2024,Gauteng,INKATHA FREEDOM PARTY,1,iec-2024-seats
2024,Gauteng,LIEBENBERG LOUIS PETRUS - 588209,0,iec-2024-seats
2024,Gauteng,MDA ANELE - 587892,0,iec-2024-seats
2024,Gauteng,NATIONAL COLOURED CONGRESS,0,iec-2024-seats
2024,Gauteng,NATIONAL FREEDOM PARTY,0,iec-2024-seats
2024,Gauteng,NDOU LOVEMORE RAY - 582100,0,iec-2024-seats
2024,Gauteng,NORTHERN CAPE COMMUNITIES MOVEMENT,0,iec-2024-seats
2024,Gauteng,ORGANIC HUMANITY MOVEMENT,0,iec-2024-seats
2024,Gauteng,PAN AFRICANIST CONGRESS OF AZANIA,0,iec-2024-seats
2024,Gauteng,PATRIOTIC ALLIANCE,1,iec-2024-seats
2024,Gauteng,PEOPLE'S MOVEMENT FOR CHANGE,0,iec-2024-seats
2024,Gauteng,PHATHELA NTAKADZENI FAITH - 587582,0,iec-2024-seats
2024,Gauteng,RAMOBA LEHLOHONOLO BLESSINGS ANSWER - 501784,0,iec-2024-seats
2024,Gauteng,REFERENDUM PARTY,0,iec-2024-seats
2024,Gauteng,RISE MZANSI,1,iec-2024-seats
2024,Gauteng,SIZWE UMMAH NATION,0,iec-2024-seats
2024,Gauteng,SOUTH AFRICAN RAINBOW ALLIANCE,0,iec-2024-seats
2024,Gauteng,SOUTH AFRICAN ROYAL KINGDOMS ORGANIZATION,0,iec-2024-seats
2024,Gauteng,UMKHONTO WESIZWE,5,iec-2024-seats
2024,Gauteng,UNITED AFRICANS TRANSFORMATION,0,iec-2024-seats
2024,Gauteng,UNITED DEMOCRATIC MOVEMENT,0,iec-2024-seats
2024,Gauteng,UNITED INDEPENDENT MOVEMENT,0,iec-2024-seats
2024,Gauteng,VRYHEIDSFRONT PLUS,1,iec-2024-seats
2024,Gauteng,XILUVA,0,iec-2024-seats
2024,KwaZulu-Natal,#HOPE4SA,0,iec-2024-seats
2024,KwaZulu-Natal,ABANTU BATHO CONGRESS,0,iec-2024-seats
2024,KwaZulu-Natal,ABLE LEADERSHIP,0,iec-2024-seats
2024,KwaZulu-Natal,ACHMAT ZACKIE - 583999,0,iec-2024-seats
2024,KwaZulu-Natal,ACTION ALLIANCE DEVELOPMENT PARTY,0,iec-2024-seats
2024,KwaZulu-Natal,ACTIONSA,0,iec-2024-seats
2024,KwaZulu-Natal,AFRICA AFRICANS RECLAIM,0,iec-2024-seats
2024,KwaZulu-Natal,AFRICA RESTORATION ALLIANCE,0,iec-2024-seats
2024,KwaZulu-Natal,AFRICAN CHRISTIAN DEMOCRATIC PARTY,0,iec-2024-seats
2024,KwaZulu-Natal,AFRICAN CONGRESS FOR TRANSFORMATION,0,iec-2024-seats
2024,KwaZulu-Natal,AFRICAN CONTENT MOVEMENT,0,iec-2024-seats
2024,KwaZulu-Natal,AFRICAN HEART CONGRESS,0,iec-2024-seats
2024,KwaZulu-Natal,AFRICAN INDEPENDENT CONGRESS,0,iec-2024-seats
2024,KwaZulu-Natal,AFRICAN MOVEMENT CONGRESS,0,iec-2024-seats
2024,KwaZulu-Natal,AFRICAN NATIONAL CONGRESS,7,iec-2024-seats
2024,KwaZulu-Natal,AFRICAN PEOPLE'S CONVENTION,0,iec-2024-seats
2024,KwaZulu-Natal,AFRICAN PEOPLE'S MOVEMENT,0,iec-2024-seats
2024,KwaZulu-Natal,AFRICAN TRANSFORMATION MOVEMENT,0,iec-2024-seats
2024,KwaZulu-Natal,AL JAMA-AH,0,iec-2024-seats
2024,KwaZulu-Natal,ALL CITIZENS PARTY,0,iec-2024-seats
2024,KwaZulu-Natal,ALLIANCE OF CITIZENS FOR CHANGE,0,iec-2024-seats
2024,KwaZulu-Natal,ALLIED MOVEMENT FOR CHANGE,0,iec-2024-seats
2024,KwaZulu-Natal,AZANIAN PEOPLE'S ORGANISATION,0,iec-2024-seats
2024,KwaZulu-Natal,BUILD ONE SOUTH AFRICA WITH MMUSI MAIMANE,0,iec-2024-seats
2024,KwaZulu-Natal,CITIZANS,0,iec-2024-seats
2024,KwaZulu-Natal,CONGRESS OF THE PEOPLE,0,iec-2024-seats
2024,KwaZulu-Natal,CONSERVATIVES IN ACTION,0,iec-2024-seats
2024,KwaZulu-Natal,DEMOCRATIC ALLIANCE,6,iec-2024-seats
2024,KwaZulu-Natal,DEMOCRATIC LIBERAL CONGRESS,0,iec-2024-seats
2024,KwaZulu-Natal,ECONOMIC FREEDOM FIGHTERS,1,iec-2024-seats
2024,KwaZulu-Natal,ECONOMIC LIBERATORS FORUM SOUTH AFRICA,0,iec-2024-seats
2024,KwaZulu-Natal,FORUM 4 SERVICE DELIVERY,0,iec-2024-seats
2024,KwaZulu-Natal,FREE DEMOCRATS,0,iec-2024-seats
2024,KwaZulu-Natal,GOOD,0,iec-2024-seats
2024,KwaZulu-Natal,INKATHA FREEDOM PARTY,8,iec-2024-seats
2024,KwaZulu-Natal,LIEBENBERG LOUIS PETRUS - 588209,0,iec-2024-seats
2024,KwaZulu-Natal,MDA ANELE - 587892,0,iec-2024-seats
2024,KwaZulu-Natal,NATIONAL COLOURED CONGRESS,0,iec-2024-seats
2024,KwaZulu-Natal,NATIONAL FREEDOM PARTY,0,iec-2024-seats
2024,KwaZulu-Natal,NDOU LOVEMORE RAY - 582100,0,iec-2024-seats
2024,KwaZulu-Natal,NORTHERN CAPE COMMUNITIES MOVEMENT,0,iec-2024-seats
2024,KwaZulu-Natal,ORGANIC HUMANITY MOVEMENT,0,iec-2024-seats
2024,KwaZulu-Natal,PAN AFRICANIST CONGRESS OF AZANIA,0,iec-2024-seats
2024,KwaZulu-Natal,PATRIOTIC ALLIANCE,0,iec-2024-seats
2024,KwaZulu-Natal,PEOPLE'S MOVEMENT FOR CHANGE,0,iec-2024-seats
2024,KwaZulu-Natal,PHATHELA NTAKADZENI FAITH - 587582,0,iec-2024-seats
2024,KwaZulu-Natal,RAMOBA LEHLOHONOLO BLESSINGS ANSWER - 501784,0,iec-2024-seats
2024,KwaZulu-Natal,REFERENDUM PARTY,0,iec-2024-seats
2024,KwaZulu-Natal,RISE MZANSI,0,iec-2024-seats
2024,KwaZulu-Natal,SIZWE UMMAH NATION,0,iec-2024-seats
2024,KwaZulu-Natal,SOUTH AFRICAN RAINBOW ALLIANCE,0,iec-2024-seats
2024,KwaZulu-Natal,SOUTH AFRICAN ROYAL KINGDOMS ORGANIZATION,0,iec-2024-seats
2024,KwaZulu-Natal,UMKHONTO WESIZWE,19,iec-2024-seats
2024,KwaZulu-Natal,UNITED AFRICANS TRANSFORMATION,0,iec-2024-seats
2024,KwaZulu-Natal,UNITED DEMOCRATIC MOVEMENT,0,iec-2024-seats
2024,KwaZulu-Natal,UNITED INDEPENDENT MOVEMENT,0,iec-2024-seats
2024,KwaZulu-Natal,VRYHEIDSFRONT PLUS,0,iec-2024-seats
2024,KwaZulu-Natal,XILUVA,0,iec-2024-seats
2024,Limpopo,#HOPE4SA,0,iec-2024-seats
2024,Limpopo,ABANTU BATHO CONGRESS,0,iec-2024-seats
2024,Limpopo,ABLE LEADERSHIP,0,iec-2024-seats
2024,Limpopo,ACHMAT ZACKIE - 583999,0,iec-2024-seats
2024,Limpopo,ACTION ALLIANCE DEVELOPMENT PARTY,0,iec-2024-seats
2024,Limpopo,ACTIONSA,0,iec-2024-seats
2024,Limpopo,AFRICA AFRICANS RECLAIM,0,iec-2024-seats
2024,Limpopo,AFRICA RESTORATION ALLIANCE,0,iec-2024-seats
2024,Limpopo,AFRICAN CHRISTIAN DEMOCRATIC PARTY,0,iec-2024-seats
2024,Limpopo,AFRICAN CONGRESS FOR TRANSFORMATION,0,iec-2024-seats
2024,Limpopo,AFRICAN CONTENT MOVEMENT,0,iec-2024-seats
2024,Limpopo,AFRICAN HEART CONGRESS,0,iec-2024-seats
2024,Limpopo,AFRICAN INDEPENDENT CONGRESS,0,iec-2024-seats
2024,Limpopo,AFRICAN MOVEMENT CONGRESS,0,iec-2024-seats
2024,Limpopo,AFRICAN NATIONAL CONGRESS,16,iec-2024-seats
2024,Limpopo,AFRICAN PEOPLE'S CONVENTION,0,iec-2024-seats
2024,Limpopo,AFRICAN PEOPLE'S MOVEMENT,0,iec-2024-seats
2024,Limpopo,AFRICAN TRANSFORMATION MOVEMENT,0,iec-2024-seats
2024,Limpopo,AL JAMA-AH,0,iec-2024-seats
2024,Limpopo,ALL CITIZENS PARTY,0,iec-2024-seats
2024,Limpopo,ALLIANCE OF CITIZENS FOR CHANGE,0,iec-2024-seats
2024,Limpopo,ALLIED MOVEMENT FOR CHANGE,0,iec-2024-seats
2024,Limpopo,AZANIAN PEOPLE'S ORGANISATION,0,iec-2024-seats
2024,Limpopo,BUILD ONE SOUTH AFRICA WITH MMUSI MAIMANE,0,iec-2024-seats
2024,Limpopo,CITIZANS,0,iec-2024-seats
2024,Limpopo,CONGRESS OF THE PEOPLE,0,iec-2024-seats
2024,Limpopo,CONSERVATIVES IN ACTION,0,iec-2024-seats
2024,Limpopo,DEMOCRATIC ALLIANCE,1,iec-2024-seats
2024,Limpopo,DEMOCRATIC LIBERAL CONGRESS,0,iec-2024-seats
2024,Limpopo,ECONOMIC FREEDOM FIGHTERS,3,iec-2024-seats
2024,Limpopo,ECONOMIC LIBERATORS FORUM SOUTH AFRICA,0,iec-2024-seats
2024,Limpopo,FORUM 4 SERVICE DELIVERY,0,iec-2024-seats
2024,Limpopo,FREE DEMOCRATS,0,iec-2024-seats
2024,Limpopo,GOOD,0,iec-2024-seats
2024,Limpopo,INKATHA FREEDOM PARTY,0,iec-2024-seats
2024,Limpopo,LIEBENBERG LOUIS PETRUS - 588209,0,iec-2024-seats
2024,Limpopo,MDA ANELE - 587892,0,iec-2024-seats
2024,Limpopo,NATIONAL COLOURED CONGRESS,0,iec-2024-seats
2024,Limpopo,NATIONAL FREEDOM PARTY,0,iec-2024-seats
2024,Limpopo,NDOU LOVEMORE RAY - 582100,0,iec-2024-seats
2024,Limpopo,NORTHERN CAPE COMMUNITIES MOVEMENT,0,iec-2024-seats
2024,Limpopo,ORGANIC HUMANITY MOVEMENT,0,iec-2024-seats
2024,Limpopo,PAN AFRICANIST CONGRESS OF AZANIA,0,iec-2024-seats
2024,Limpopo,PATRIOTIC ALLIANCE,0,iec-2024-seats
2024,Limpopo,PEOPLE'S MOVEMENT FOR CHANGE,0,iec-2024-seats
2024,Limpopo,PHATHELA NTAKADZENI FAITH - 587582,0,iec-2024-seats
2024,Limpopo,RAMOBA LEHLOHONOLO BLESSINGS ANSWER - 501784,0,iec-2024-seats
2024,Limpopo,REFERENDUM PARTY,0,iec-2024-seats
2024,Limpopo,RISE MZANSI,0,iec-2024-seats
2024,Limpopo,SIZWE UMMAH NATION,0,iec-2024-seats
2024,Limpopo,SOUTH AFRICAN RAINBOW ALLIANCE,0,iec-2024-seats
2024,Limpopo,SOUTH AFRICAN ROYAL KINGDOMS ORGANIZATION,0,iec-2024-seats
2024,Limpopo,UMKHONTO WESIZWE,0,iec-2024-seats
2024,Limpopo,UNITED AFRICANS TRANSFORMATION,0,iec-2024-seats
2024,Limpopo,UNITED DEMOCRATIC MOVEMENT,0,iec-2024-seats
2024,Limpopo,UNITED INDEPENDENT MOVEMENT,0,iec-2024-seats
2024,Limpopo,VRYHEIDSFRONT PLUS,0,iec-2024-seats
2024,Limpopo,XILUVA,0,iec-2024-seats
2024,Mpumalanga,#HOPE4SA,0,iec-2024-seats
2024,Mpumalanga,ABANTU BATHO CONGRESS,0,iec-2024-seats
2024,Mpumalanga,ABLE LEADERSHIP,0,iec-2024-seats
2024,Mpumalanga,ACHMAT ZACKIE - 583999,0,iec-2024-seats
2024,Mpumalanga,ACTION ALLIANCE DEVELOPMENT PARTY,0,iec-2024-seats
2024,Mpumalanga,ACTIONSA,0,iec-2024-seats
2024,Mpumalanga,AFRICA AFRICANS RECLAIM,0,iec-2024-seats
2024,Mpumalanga,AFRICA RESTORATION ALLIANCE,0,iec-2024-seats
2024,Mpumalanga,AFRICAN CHRISTIAN DEMOCRATIC PARTY,0,iec-2024-seats
2024,Mpumalanga,AFRICAN CONGRESS FOR TRANSFORMATION,0,iec-2024-seats
2024,Mpumalanga,AFRICAN CONTENT MOVEMENT,0,iec-2024-seats
2024,Mpumalanga,AFRICAN HEART CONGRESS,0,iec-2024-seats
2024,Mpumalanga,AFRICAN INDEPENDENT CONGRESS,0,iec-2024-seats
2024,Mpumalanga,AFRICAN MOVEMENT CONGRESS,0,iec-2024-seats
2024,Mpumalanga,AFRICAN NATIONAL CONGRESS,8,iec-2024-seats
2024,Mpumalanga,AFRICAN PEOPLE'S CONVENTION,0,iec-2024-seats
2024,Mpumalanga,AFRICAN PEOPLE'S MOVEMENT,0,iec-2024-seats
2024,Mpumalanga,AFRICAN TRANSFORMATION MOVEMENT,0,iec-2024-seats
2024,Mpumalanga,AL JAMA-AH,0,iec-2024-seats
2024,Mpumalanga,ALL CITIZENS PARTY,0,iec-2024-seats
2024,Mpumalanga,ALLIANCE OF CITIZENS FOR CHANGE,0,iec-2024-seats
2024,Mpumalanga,ALLIED MOVEMENT FOR CHANGE,0,iec-2024-seats
2024,Mpumalanga,AZANIAN PEOPLE'S ORGANISATION,0,iec-2024-seats
2024,Mpumalanga,BUILD ONE SOUTH AFRICA WITH MMUSI MAIMANE,0,iec-2024-seats
2024,Mpumalanga,CITIZANS,0,iec-2024-seats
2024,Mpumalanga,CONGRESS OF THE PEOPLE,0,iec-2024-seats
2024,Mpumalanga,CONSERVATIVES IN ACTION,0,iec-2024-seats
2024,Mpumalanga,DEMOCRATIC ALLIANCE,2,iec-2024-seats
2024,Mpumalanga,DEMOCRATIC LIBERAL CONGRESS,0,iec-2024-seats
2024,Mpumalanga,ECONOMIC FREEDOM FIGHTERS,2,iec-2024-seats
2024,Mpumalanga,ECONOMIC LIBERATORS FORUM SOUTH AFRICA,0,iec-2024-seats
2024,Mpumalanga,FORUM 4 SERVICE DELIVERY,0,iec-2024-seats
2024,Mpumalanga,FREE DEMOCRATS,0,iec-2024-seats
2024,Mpumalanga,GOOD,0,iec-2024-seats
2024,Mpumalanga,INKATHA FREEDOM PARTY,0,iec-2024-seats
2024,Mpumalanga,LIEBENBERG LOUIS PETRUS - 588209,0,iec-2024-seats
2024,Mpumalanga,MDA ANELE - 587892,0,iec-2024-seats
2024,Mpumalanga,NATIONAL COLOURED CONGRESS,0,iec-2024-seats
2024,Mpumalanga,NATIONAL FREEDOM PARTY,0,iec-2024-seats
2024,Mpumalanga,NDOU LOVEMORE RAY - 582100,0,iec-2024-seats
2024,Mpumalanga,NORTHERN CAPE COMMUNITIES MOVEMENT,0,iec-2024-seats
2024,Mpumalanga,ORGANIC HUMANITY MOVEMENT,0,iec-2024-seats
2024,Mpumalanga,PAN AFRICANIST CONGRESS OF AZANIA,0,iec-2024-seats
2024,Mpumalanga,PATRIOTIC ALLIANCE,0,iec-2024-seats
2024,Mpumalanga,PEOPLE'S MOVEMENT FOR CHANGE,0,iec-2024-seats
2024,Mpumalanga,PHATHELA NTAKADZENI FAITH - 587582,0,iec-2024-seats
2024,Mpumalanga,RAMOBA LEHLOHONOLO BLESSINGS ANSWER - 501784,0,iec-2024-seats
2024,Mpumalanga,REFERENDUM PARTY,0,iec-2024-seats
2024,Mpumalanga,RISE MZANSI,0,iec-2024-seats
2024,Mpumalanga,SIZWE UMMAH NATION,0,iec-2024-seats
2024,Mpumalanga,SOUTH AFRICAN RAINBOW ALLIANCE,0,iec-2024-seats
2024,Mpumalanga,SOUTH AFRICAN ROYAL KINGDOMS ORGANIZATION,0,iec-2024-seats
2024,Mpumalanga,UMKHONTO WESIZWE,3,iec-2024-seats
2024,Mpumalanga,UNITED AFRICANS TRANSFORMATION,0,iec-2024-seats
2024,Mpumalanga,UNITED DEMOCRATIC MOVEMENT,0,iec-2024-seats
2024,Mpumalanga,UNITED INDEPENDENT MOVEMENT,0,iec-2024-seats
2024,Mpumalanga,VRYHEIDSFRONT PLUS,0,iec-2024-seats
2024,Mpumalanga,XILUVA,0,iec-2024-seats
2024,North West,#HOPE4SA,0,iec-2024-seats
2024,North West,ABANTU BATHO CONGRESS,0,iec-2024-seats
2024,North West,ABLE LEADERSHIP,0,iec-2024-seats
2024,North West,ACHMAT ZACKIE - 583999,0,iec-2024-seats
2024,North West,ACTION ALLIANCE DEVELOPMENT PARTY,0,iec-2024-seats
2024,North West,ACTIONSA,0,iec-2024-seats
2024,North West,AFRICA AFRICANS RECLAIM,0,iec-2024-seats
2024,North West,AFRICA RESTORATION ALLIANCE,0,iec-2024-seats
2024,North West,AFRICAN CHRISTIAN DEMOCRATIC PARTY,0,iec-2024-seats
2024,North West,AFRICAN CONGRESS FOR TRANSFORMATION,0,iec-2024-seats
2024,North West,AFRICAN CONTENT MOVEMENT,0,iec-2024-seats
2024,North West,AFRICAN HEART CONGRESS,0,iec-2024-seats
2024,North West,AFRICAN INDEPENDENT CONGRESS,0,iec-2024-seats
2024,North West,AFRICAN MOVEMENT CONGRESS,0,iec-2024-seats
2024,North West,AFRICAN NATIONAL CONGRESS,8,iec-2024-seats
2024,North West,AFRICAN PEOPLE'S CONVENTION,0,iec-2024-seats
2024,North West,AFRICAN PEOPLE'S MOVEMENT,0,iec-2024-seats
2024,North West,AFRICAN TRANSFORMATION MOVEMENT,0,iec-2024-seats
2024,North West,AL JAMA-AH,0,iec-2024-seats
2024,North West,ALL CITIZENS PARTY,0,iec-2024-seats
2024,North West,ALLIANCE OF CITIZENS FOR CHANGE,0,iec-2024-seats
2024,North West,ALLIED MOVEMENT FOR CHANGE,0,iec-2024-seats
2024,North West,AZANIAN PEOPLE'S ORGANISATION,0,iec-2024-seats
2024,North West,BUILD ONE SOUTH AFRICA WITH MMUSI MAIMANE,0,iec-2024-seats
2024,North West,CITIZANS,0,iec-2024-seats
2024,North West,CONGRESS OF THE PEOPLE,0,iec-2024-seats
2024,North West,CONSERVATIVES IN ACTION,0,iec-2024-seats
2024,North West,DEMOCRATIC ALLIANCE,2,iec-2024-seats
2024,North West,DEMOCRATIC LIBERAL CONGRESS,0,iec-2024-seats
2024,North West,ECONOMIC FREEDOM FIGHTERS,3,iec-2024-seats
2024,North West,ECONOMIC LIBERATORS FORUM SOUTH AFRICA,0,iec-2024-seats
2024,North West,FORUM 4 SERVICE DELIVERY,0,iec-2024-seats
2024,North West,FREE DEMOCRATS,0,iec-2024-seats
2024,North West,GOOD,0,iec-2024-seats
2024,North West,INKATHA FREEDOM PARTY,0,iec-2024-seats
2024,North West,LIEBENBERG LOUIS PETRUS - 588209,0,iec-2024-seats
2024,North West,MDA ANELE - 587892,0,iec-2024-seats
2024,North West,NATIONAL COLOURED CONGRESS,0,iec-2024-seats
2024,North West,NATIONAL FREEDOM PARTY,0,iec-2024-seats
2024,North West,NDOU LOVEMORE RAY - 582100,0,iec-2024-seats
2024,North West,NORTHERN CAPE COMMUNITIES MOVEMENT,0,iec-2024-seats
2024,North West,ORGANIC HUMANITY MOVEMENT,0,iec-2024-seats
2024,North West,PAN AFRICANIST CONGRESS OF AZANIA,0,iec-2024-seats
2024,North West,PATRIOTIC ALLIANCE,0,iec-2024-seats
2024,North West,PEOPLE'S MOVEMENT FOR CHANGE,0,iec-2024-seats
2024,North West,PHATHELA NTAKADZENI FAITH - 587582,0,iec-2024-seats
2024,North West,RAMOBA LEHLOHONOLO BLESSINGS ANSWER - 501784,0,iec-2024-seats
2024,North West,REFERENDUM PARTY,0,iec-2024-seats
2024,North West,RISE MZANSI,0,iec-2024-seats
2024,North West,SIZWE UMMAH NATION,0,iec-2024-seats
2024,North West,SOUTH AFRICAN RAINBOW ALLIANCE,0,iec-2024-seats
2024,North West,SOUTH AFRICAN ROYAL KINGDOMS ORGANIZATION,0,iec-2024-seats
2024,North West,UMKHONTO WESIZWE,0,iec-2024-seats
2024,North West,UNITED AFRICANS TRANSFORMATION,0,iec-2024-seats
2024,North West,UNITED DEMOCRATIC MOVEMENT,0,iec-2024-seats
2024,North West,UNITED INDEPENDENT MOVEMENT,0,iec-2024-seats
2024,North West,VRYHEIDSFRONT PLUS,0,iec-2024-seats
2024,North West,XILUVA,0,iec-2024-seats
2024,Northern Cape,#HOPE4SA,0,iec-2024-seats
2024,Northern Cape,ABANTU BATHO CONGRESS,0,iec-2024-seats
2024,Northern Cape,ABLE LEADERSHIP,0,iec-2024-seats
2024,Northern Cape,ACHMAT ZACKIE - 583999,0,iec-2024-seats
2024,Northern Cape,ACTION ALLIANCE DEVELOPMENT PARTY,0,iec-2024-seats
2024,Northern Cape,ACTIONSA,0,iec-2024-seats
2024,Northern Cape,AFRICA AFRICANS RECLAIM,0,iec-2024-seats
2024,Northern Cape,AFRICA RESTORATION ALLIANCE,0,iec-2024-seats
2024,Northern Cape,AFRICAN CHRISTIAN DEMOCRATIC PARTY,0,iec-2024-seats
2024,Northern Cape,AFRICAN CONGRESS FOR TRANSFORMATION,0,iec-2024-seats
2024,Northern Cape,AFRICAN CONTENT MOVEMENT,0,iec-2024-seats
2024,Northern Cape,AFRICAN HEART CONGRESS,0,iec-2024-seats
2024,Northern Cape,AFRICAN INDEPENDENT CONGRESS,0,iec-2024-seats
2024,Northern Cape,AFRICAN MOVEMENT CONGRESS,0,iec-2024-seats
2024,Northern Cape,AFRICAN NATIONAL CONGRESS,3,iec-2024-seats
2024,Northern Cape,AFRICAN PEOPLE'S CONVENTION,0,iec-2024-seats
2024,Northern Cape,AFRICAN PEOPLE'S MOVEMENT,0,iec-2024-seats
2024,Northern Cape,AFRICAN TRANSFORMATION MOVEMENT,0,iec-2024-seats
2024,Northern Cape,AL JAMA-AH,0,iec-2024-seats
2024,Northern Cape,ALL CITIZENS PARTY,0,iec-2024-seats
2024,Northern Cape,ALLIANCE OF CITIZENS FOR CHANGE,0,iec-2024-seats
2024,Northern Cape,ALLIED MOVEMENT FOR CHANGE,0,iec-2024-seats
2024,Northern Cape,AZANIAN PEOPLE'S ORGANISATION,0,iec-2024-seats
2024,Northern Cape,BUILD ONE SOUTH AFRICA WITH MMUSI MAIMANE,0,iec-2024-seats
2024,Northern Cape,CITIZANS,0,iec-2024-seats
2024,Northern Cape,CONGRESS OF THE PEOPLE,0,iec-2024-seats
2024,Northern Cape,CONSERVATIVES IN ACTION,0,iec-2024-seats
2024,Northern Cape,DEMOCRATIC ALLIANCE,1,iec-2024-seats
2024,Northern Cape,DEMOCRATIC LIBERAL CONGRESS,0,iec-2024-seats
2024,Northern Cape,ECONOMIC FREEDOM FIGHTERS,1,iec-2024-seats
2024,Northern Cape,ECONOMIC LIBERATORS FORUM SOUTH AFRICA,0,iec-2024-seats
2024,Northern Cape,FORUM 4 SERVICE DELIVERY,0,iec-2024-seats
2024,Northern Cape,FREE DEMOCRATS,0,iec-2024-seats
2024,Northern Cape,GOOD,0,iec-2024-seats
2024,Northern Cape,INKATHA FREEDOM PARTY,0,iec-2024-seats
2024,Northern Cape,LIEBENBERG LOUIS PETRUS - 588209,0,iec-2024-seats
2024,Northern Cape,MDA ANELE - 587892,0,iec-2024-seats
2024,Northern Cape,NATIONAL COLOURED CONGRESS,0,iec-2024-seats
2024,Northern Cape,NATIONAL FREEDOM PARTY,0,iec-2024-seats
2024,Northern Cape,NDOU LOVEMORE RAY - 582100,0,iec-2024-seats
2024,Northern Cape,NORTHERN CAPE COMMUNITIES MOVEMENT,0,iec-2024-seats
2024,Northern Cape,ORGANIC HUMANITY MOVEMENT,0,iec-2024-seats
2024,Northern Cape,PAN AFRICANIST CONGRESS OF AZANIA,0,iec-2024-seats
2024,Northern Cape,PATRIOTIC ALLIANCE,0,iec-2024-seats
2024,Northern Cape,PEOPLE'S MOVEMENT FOR CHANGE,0,iec-2024-seats
2024,Northern Cape,PHATHELA NTAKADZENI FAITH - 587582,0,iec-2024-seats
2024,Northern Cape,RAMOBA LEHLOHONOLO BLESSINGS ANSWER - 501784,0,iec-2024-seats
2024,Northern Cape,REFERENDUM PARTY,0,iec-2024-seats
2024,Northern Cape,RISE MZANSI,0,iec-2024-seats
2024,Northern Cape,SIZWE UMMAH NATION,0,iec-2024-seats
2024,Northern Cape,SOUTH AFRICAN RAINBOW ALLIANCE,0,iec-2024-seats
2024,Northern Cape,SOUTH AFRICAN ROYAL KINGDOMS ORGANIZATION,0,iec-2024-seats
2024,Northern Cape,UMKHONTO WESIZWE,0,iec-2024-seats
2024,Northern Cape,UNITED AFRICANS TRANSFORMATION,0,iec-2024-seats
2024,Northern Cape,UNITED DEMOCRATIC MOVEMENT,0,iec-2024-seats
2024,Northern Cape,UNITED INDEPENDENT MOVEMENT,0,iec-2024-seats
2024,Northern Cape,VRYHEIDSFRONT PLUS,0,iec-2024-seats
2024,Northern Cape,XILUVA,0,iec-2024-seats
2024,Western Cape,#HOPE4SA,0,iec-2024-seats
2024,Western Cape,ABANTU BATHO CONGRESS,0,iec-2024-seats
2024,Western Cape,ABLE LEADERSHIP,0,iec-2024-seats
2024,Western Cape,ACHMAT ZACKIE - 583999,0,iec-2024-seats
2024,Western Cape,ACTION ALLIANCE DEVELOPMENT PARTY,0,iec-2024-seats
2024,Western Cape,ACTIONSA,0,iec-2024-seats
2024,Western Cape,AFRICA AFRICANS RECLAIM,0,iec-2024-seats
2024,Western Cape,AFRICA RESTORATION ALLIANCE,0,iec-2024-seats
2024,Western Cape,AFRICAN CHRISTIAN DEMOCRATIC PARTY,0,iec-2024-seats
2024,Western Cape,AFRICAN CONGRESS FOR TRANSFORMATION,0,iec-2024-seats
2024,Western Cape,AFRICAN CONTENT MOVEMENT,0,iec-2024-seats
2024,Western Cape,AFRICAN HEART CONGRESS,0,iec-2024-seats
2024,Western Cape,AFRICAN INDEPENDENT CONGRESS,0,iec-2024-seats
2024,Western Cape,AFRICAN MOVEMENT CONGRESS,0,iec-2024-seats
2024,Western Cape,AFRICAN NATIONAL CONGRESS,5,iec-2024-seats
2024,Western Cape,AFRICAN PEOPLE'S CONVENTION,0,iec-2024-seats
2024,Western Cape,AFRICAN PEOPLE'S MOVEMENT,0,iec-2024-seats
2024,Western Cape,AFRICAN TRANSFORMATION MOVEMENT,0,iec-2024-seats
2024,Western Cape,AL JAMA-AH,0,iec-2024-seats
2024,Western Cape,ALL CITIZENS PARTY,0,iec-2024-seats
2024,Western Cape,ALLIANCE OF CITIZENS FOR CHANGE,0,iec-2024-seats
2024,Western Cape,ALLIED MOVEMENT FOR CHANGE,0,iec-2024-seats
2024,Western Cape,AZANIAN PEOPLE'S ORGANISATION,0,iec-2024-seats
2024,Western Cape,BUILD ONE SOUTH AFRICA WITH MMUSI MAIMANE,0,iec-2024-seats
2024,Western Cape,CITIZANS,0,iec-2024-seats
2024,Western Cape,CONGRESS OF THE PEOPLE,0,iec-2024-seats
2024,Western Cape,CONSERVATIVES IN ACTION,0,iec-2024-seats
2024,Western Cape,DEMOCRATIC ALLIANCE,14,iec-2024-seats
2024,Western Cape,DEMOCRATIC LIBERAL CONGRESS,0,iec-2024-seats
2024,Western Cape,ECONOMIC FREEDOM FIGHTERS,1,iec-2024-seats
2024,Western Cape,ECONOMIC LIBERATORS FORUM SOUTH AFRICA,0,iec-2024-seats
2024,Western Cape,FORUM 4 SERVICE DELIVERY,0,iec-2024-seats
2024,Western Cape,FREE DEMOCRATS,0,iec-2024-seats
2024,Western Cape,GOOD,0,iec-2024-seats
2024,Western Cape,INKATHA FREEDOM PARTY,0,iec-2024-seats
2024,Western Cape,LIEBENBERG LOUIS PETRUS - 588209,0,iec-2024-seats
2024,Western Cape,MDA ANELE - 587892,0,iec-2024-seats
2024,Western Cape,NATIONAL COLOURED CONGRESS,1,iec-2024-seats
2024,Western Cape,NATIONAL FREEDOM PARTY,0,iec-2024-seats
2024,Western Cape,NDOU LOVEMORE RAY - 582100,0,iec-2024-seats
2024,Western Cape,NORTHERN CAPE COMMUNITIES MOVEMENT,0,iec-2024-seats
2024,Western Cape,ORGANIC HUMANITY MOVEMENT,0,iec-2024-seats
2024,Western Cape,PAN AFRICANIST CONGRESS OF AZANIA,0,iec-2024-seats
2024,Western Cape,PATRIOTIC ALLIANCE,2,iec-2024-seats
2024,Western Cape,PEOPLE'S MOVEMENT FOR CHANGE,0,iec-2024-seats
2024,Western Cape,PHATHELA NTAKADZENI FAITH - 587582,0,iec-2024-seats
2024,Western Cape,RAMOBA LEHLOHONOLO BLESSINGS ANSWER - 501784,0,iec-2024-seats
2024,Western Cape,REFERENDUM PARTY,0,iec-2024-seats
2024,Western Cape,RISE MZANSI,0,iec-2024-seats
2024,Western Cape,SIZWE UMMAH NATION,0,iec-2024-seats
2024,Western Cape,SOUTH AFRICAN RAINBOW ALLIANCE,0,iec-2024-seats
2024,Western Cape,SOUTH AFRICAN ROYAL KINGDOMS ORGANIZATION,0,iec-2024-seats
2024,Western Cape,UMKHONTO WESIZWE,0,iec-2024-seats
2024,Western Cape,UNITED AFRICANS TRANSFORMATION,0,iec-2024-seats
2024,Western Cape,UNITED DEMOCRATIC MOVEMENT,0,iec-2024-seats
2024,Western Cape,UNITED INDEPENDENT MOVEMENT,0,iec-2024-seats
2024,Western Cape,VRYHEIDSFRONT PLUS,1,iec-2024-seats
2024,Western Cape,XILUVA,0,iec-2024-seats
